time,open,high,low,close,volume,value,foreign_buy_vol,foreign_sell_vol,foreign_buy_val,foreign_sell_val,foreign_room
2021-01-25,13.705,13.705,13.705,13.705,9900,135679.5,,,,,
2021-01-26,13.705,13.705,13.705,13.705,0,0.0,,,,,
2021-01-27,13.705,13.705,13.705,13.705,0,0.0,,,,,
2021-01-28,15.76,15.76,15.662,15.76,3800,59888.0,,,,,
2021-01-29,18.11,18.11,18.11,18.11,5100,92361.0,,,,,
2021-02-01,18.11,20.753,18.11,20.753,3000,62259.0,,,,,
2021-02-02,23.004,23.004,23.004,23.004,100,2300.4,,,,,
2021-02-03,24.473,24.473,19.578,19.578,900,17620.2,,,,,
2021-02-04,20.361,20.361,20.361,20.361,100,2036.1,,,,,
2021-02-05,17.327,19.578,17.327,17.522,1500,26283.0,,,,,
2021-02-08,14.977,14.977,14.977,14.977,300,4493.1,,,,,
2021-02-09,12.824,12.824,12.824,12.824,800,10259.2,,,,,
2021-02-17,12.824,14.684,11.062,14.684,1400,20557.6,,,,,
2021-02-18,10.474,12.138,10.474,12.138,9000,109242.0,,,,,
2021-02-19,9.202,9.691,9.202,9.495,3500,33232.5,,,,,
2021-02-22,9.593,9.789,9.593,9.789,700,6852.3,,,,,
2021-02-23,9.887,11.062,9.887,11.062,1900,21017.8,,,,,
2021-02-24,11.062,11.747,11.062,11.747,4500,52861.5,,,,,
2021-02-25,11.159,11.159,11.159,11.159,0,0.0,,,,,
2021-02-26,9.593,9.593,9.593,9.593,100,959.3,,,,,
2021-03-01,9.789,10.768,9.593,10.768,1500,16152.000000000002,,,,,
2021-03-02,9.789,9.789,9.789,9.789,0,0.0,,,,,
2021-03-03,10.278,10.572,10.278,10.572,2800,29601.6,,,,,
2021-03-04,10.376,10.376,10.376,10.376,0,0.0,,,,,
2021-03-05,10.376,10.376,10.376,10.376,1200,12451.2,,,,,
2021-03-08,10.278,10.278,10.278,10.278,200,2055.6,,,,,
2021-03-09,10.376,10.376,10.376,10.376,1100,11413.6,,,,,
2021-03-10,10.376,10.376,9.593,10.376,3900,40466.4,,,,,
2021-03-11,9.887,10.181,9.887,10.181,2200,22398.2,,,,,
2021-03-12,10.181,10.181,9.789,9.789,800,7831.2,,,,,
2021-03-15,9.593,9.593,9.593,9.593,2400,23023.2,,,,,
2021-03-16,9.593,9.593,9.495,9.495,8100,76909.5,,,,,
2021-03-17,9.3,10.278,9.3,9.495,500,4747.5,,,,,
2021-03-18,9.104,9.887,9.104,9.789,5400,52860.6,,,,,
2021-03-19,9.593,9.593,9.397,9.397,2000,18794.0,,,,,
2021-03-22,9.397,9.495,9.397,9.495,5000,47474.99999999999,,,,,
2021-03-23,9.495,9.495,9.3,9.397,4100,38527.7,,,,,
2021-03-24,9.397,9.397,8.81,9.006,2700,24316.2,,,,,
2021-03-25,9.006,9.006,8.81,8.908,4200,37413.6,,,,,
2021-03-26,8.027,8.027,8.027,8.027,700,5618.9,,,,,
2021-03-29,9.202,9.202,7.048,7.048,11300,79642.4,,,,,
2021-03-30,8.712,8.81,8.516,8.81,12400,109244.0,,,,,
2021-03-31,10.083,10.083,9.691,9.691,5400,52331.4,,,,,
2021-04-01,9.691,9.691,9.495,9.691,17900,173468.90000000002,,,,,
2021-04-02,8.321,9.789,8.321,9.789,1000,9789.0,,,,,
2021-04-05,7.929,9.691,7.831,9.691,5900,57176.9,,,,,
2021-04-06,9.593,10.474,9.593,9.593,11900,114156.7,,,,,
2021-04-07,11.453,11.453,10.67,10.67,4700,50149.0,,,,,
2021-04-08,11.062,11.062,11.062,11.062,0,0.0,,,,,
2021-04-09,10.964,12.138,10.768,10.768,3100,33380.8,,,,,
2021-04-12,9.985,9.985,9.985,9.985,4000,39940.0,,,,,
2021-04-13,9.789,9.887,9.3,9.3,3700,34410.0,,,,,
2021-04-14,10.572,10.572,8.125,8.81,900,7929.0,,,,,
2021-04-15,9.202,9.202,9.202,9.202,200,1840.4,,,,,
2021-04-16,8.81,9.202,8.516,9.202,8000,73616.0,,,,,
2021-04-19,9.789,9.789,8.81,8.81,3000,26430.0,,,,,
2021-04-20,8.81,8.908,8.419,8.419,3400,28624.6,,,,,
2021-04-22,8.516,8.712,8.321,8.321,3100,25795.1,,,,,
2021-04-23,8.712,8.712,7.929,8.614,2000,17228.0,,,,,
2021-04-26,8.223,8.614,7.831,8.614,15100,130071.4,,,,,
2021-04-27,7.831,8.027,7.831,7.831,7300,57166.3,,,,,
2021-04-28,7.929,8.614,7.831,7.831,7200,56383.2,,,,,
2021-04-29,8.516,9.593,8.516,9.593,3900,37412.7,,,,,
2021-05-04,8.908,9.593,8.712,9.397,18400,172904.80000000002,,,,,
2021-05-05,9.006,10.278,8.81,9.3,17700,164610.0,,,,,
2021-05-06,8.321,9.495,8.321,8.81,8500,74885.0,,,,,
2021-05-07,8.81,8.81,7.831,7.831,1900,14878.9,,,,,
2021-05-10,8.81,8.81,8.712,8.712,4300,37461.6,,,,,
2021-05-11,8.321,9.202,8.321,9.202,6800,62573.6,,,,,
2021-05-12,9.006,9.202,9.006,9.202,5100,46930.2,,,,,
2021-05-13,8.81,9.006,8.81,9.006,3100,27918.6,,,,,
2021-05-14,9.006,9.691,7.831,9.006,4400,39626.4,,,,,
2021-05-17,9.104,9.104,9.104,9.104,100,910.4,,,,,
2021-05-18,9.104,9.104,9.104,9.104,0,0.0,,,,,
2021-05-19,9.104,9.104,9.104,9.104,0,0.0,,,,,
2021-05-20,8.81,9.006,8.81,8.81,4000,35240.0,,,,,
2021-05-21,8.81,9.593,8.81,9.593,8500,81540.5,,,,,
2021-05-24,9.3,9.3,8.81,9.104,5900,53713.6,,,,,
2021-05-25,9.006,9.789,8.81,8.81,2900,25549.0,,,,,
2021-05-26,9.691,9.691,9.691,9.691,2000,19382.0,,,,,
2021-05-27,8.81,8.81,8.81,8.81,6800,59908.0,,,,,
2021-05-28,8.81,8.81,8.81,8.81,1700,14977.0,,,,,
2021-05-31,9.3,9.3,8.516,8.81,3100,27311.0,,,,,
2021-06-01,8.614,8.712,8.614,8.614,13300,114566.2,,,,,
2021-06-02,8.614,8.81,8.614,8.81,1200,10572.0,,,,,
2021-06-03,8.321,8.321,8.321,8.321,200,1664.2,,,,,
2021-06-04,9.202,9.202,9.202,9.202,3000,27606.0,,,,,
2021-06-07,8.81,8.81,8.614,8.712,5700,49658.4,,,,,
2021-06-08,7.831,8.81,7.831,8.712,33000,287496.0,,,,,
2021-06-09,7.831,7.831,7.538,7.538,9100,68595.8,,,,,
2021-06-10,8.712,8.712,8.712,8.712,200,1742.4,,,,,
2021-06-11,8.614,8.614,8.223,8.321,15200,126479.2,,,,,
2021-06-14,8.321,8.321,8.321,8.321,500,4160.5,,,,,
2021-06-15,8.516,8.516,8.516,8.516,100,851.6,,,,,
2021-06-16,8.516,8.516,8.321,8.321,300,2496.3,,,,,
2021-06-17,8.027,8.027,8.027,8.027,500,4013.5,,,,,
2021-06-18,7.929,8.027,7.831,7.831,13100,102586.1,,,,,
2021-06-21,7.733,7.831,7.733,7.831,3600,28191.6,,,,,
2021-06-22,7.831,7.831,7.831,7.831,3700,28974.7,,,,,
2021-06-23,7.831,7.929,7.831,7.929,1200,9514.8,,,,,
2021-06-24,7.831,8.027,7.831,8.027,1500,12040.499999999998,,,,,
2021-06-25,7.831,7.831,7.831,7.831,600,4698.6,,,,,
2021-06-28,7.635,7.635,7.635,7.635,10600,80931.0,,,,,
2021-06-29,7.048,8.223,7.048,8.027,7500,60202.49999999999,,,,,
2021-06-30,7.929,8.027,7.831,7.831,1400,10963.4,,,,,
2021-07-01,7.831,7.929,7.831,7.929,6900,54710.1,,,,,
2021-07-02,7.831,7.929,7.342,7.929,2100,16650.9,,,,,
2021-07-05,7.44,7.44,6.95,6.95,7100,49345.0,,,,,
2021-07-06,7.146,7.146,6.852,6.95,5600,38920.0,,,,,
2021-07-07,7.048,7.048,6.657,6.657,7000,46599.0,,,,,
2021-07-08,6.95,7.146,6.95,7.146,1700,12148.2,,,,,
2021-07-09,7.244,7.342,7.244,7.342,600,4405.2,,,,,
2021-07-12,7.342,7.342,7.048,7.048,1200,8457.6,,,,,
2021-07-13,7.146,7.244,7.146,7.146,2400,17150.4,,,,,
2021-07-14,7.342,7.635,7.146,7.635,6100,46573.5,,,,,
2021-07-15,7.538,8.419,7.342,8.419,14200,119549.8,,,,,
2021-07-16,8.419,9.006,8.419,9.006,22900,206237.4,,,,,
2021-07-19,8.614,8.81,8.125,8.419,4400,37043.6,,,,,
2021-07-20,8.125,8.125,7.929,7.929,1500,11893.5,,,,,
2021-07-21,7.929,8.027,7.929,8.027,400,3210.8,,,,,
2021-07-22,8.027,8.027,8.027,8.027,100,802.6999999999999,,,,,
2021-07-23,8.321,8.321,8.321,8.321,200,1664.2,,,,,
2021-07-26,8.027,8.712,8.027,8.419,3400,28624.6,,,,,
2021-07-27,8.223,8.223,8.223,8.223,200,1644.6,,,,,
2021-07-28,8.223,8.223,8.223,8.223,100,822.3000000000001,,,,,
2021-07-29,8.223,8.223,8.223,8.223,1300,10689.9,,,,,
2021-07-30,7.831,7.831,7.831,7.831,2600,20360.6,,,,,
2021-08-02,8.321,8.321,8.125,8.125,500,4062.5,,,,,
2021-08-03,8.223,8.223,8.027,8.223,1400,11512.2,,,,,
2021-08-04,8.321,8.81,8.125,8.125,700,5687.5,,,,,
2021-08-05,8.321,8.321,8.321,8.321,100,832.1,,,,,
2021-08-06,8.321,9.202,7.831,8.321,3700,30787.7,,,,,
2021-08-09,8.321,8.419,8.321,8.419,2000,16838.0,,,,,
2021-08-10,8.419,8.419,8.419,8.419,700,5893.3,,,,,
2021-08-11,8.419,8.419,8.125,8.125,5300,43062.5,,,,,
2021-08-12,8.614,8.712,8.419,8.614,3800,32733.200000000004,,,,,
2021-08-13,9.006,9.104,8.321,8.614,2900,24980.6,,,,,
2021-08-16,7.635,8.516,7.635,8.516,1500,12774.0,,,,,
2021-08-17,8.516,8.516,7.831,8.027,10200,81875.4,,,,,
2021-08-18,8.419,8.419,7.635,7.929,2900,22994.1,,,,,
2021-08-19,8.321,8.321,7.929,7.929,800,6343.2,,,,,
2021-08-20,8.223,8.223,7.929,7.929,200,1585.8,,,,,
2021-08-23,8.223,8.223,8.223,8.223,100,822.3000000000001,,,,,
2021-08-24,8.027,8.223,8.027,8.223,400,3289.2000000000003,,,,,
2021-08-25,8.223,8.223,7.831,7.831,400,3132.4,,,,,
2021-08-26,8.125,8.223,8.125,8.223,1950,16034.850000000002,,,,,
2021-08-27,8.712,8.712,8.712,8.712,100,871.1999999999999,,,,,
2021-08-30,7.831,8.223,7.733,8.223,1700,13979.100000000002,,,,,
2021-08-31,8.125,8.125,8.125,8.125,100,812.5,,,,,
2021-09-01,8.223,8.223,7.733,7.733,421,3255.593,,,,,
2021-09-06,8.614,8.614,8.614,8.614,109,938.926,,,,,
2021-09-07,8.223,8.223,7.44,7.831,5500,43070.5,,,,,
2021-09-08,8.223,8.223,7.733,8.027,2200,17659.399999999998,,,,,
2021-09-09,8.223,8.223,7.635,8.125,2000,16250.0,,,,,
2021-09-10,8.027,8.027,7.831,7.831,1300,10180.3,,,,,
2021-09-13,8.027,8.027,8.027,8.027,400,3210.8,,,,,
2021-09-14,8.125,8.125,7.342,7.342,10100,74154.2,,,,,
2021-09-15,7.929,8.027,7.635,8.027,2300,18462.1,,,,,
2021-09-16,7.929,8.027,7.831,7.831,1900,14878.9,,,,,
2021-09-17,7.733,7.831,7.733,7.831,1200,9397.2,,,,,
2021-09-20,7.635,7.733,7.635,7.733,2100,16239.3,,,,,
2021-09-21,7.733,7.733,7.635,7.733,2000,15466.0,,,,,
2021-09-22,7.635,8.125,7.635,8.027,4600,36924.2,,,,,
2021-09-23,8.321,9.202,8.027,9.202,128600,1183377.2,,,,,
2021-09-24,9.202,9.985,9.006,9.789,8501,83216.289,,,,,
2021-09-27,9.593,9.593,8.223,8.908,2900,25833.2,,,,,
2021-09-28,8.223,9.202,7.733,8.027,29500,236796.5,,,,,
2021-09-29,7.831,8.712,7.733,8.712,2000,17424.0,,,,,
2021-09-30,8.712,8.712,8.027,8.027,700,5618.9,,,,,
2021-10-01,8.223,8.81,8.027,8.419,18600,156593.40000000002,,,,,
2021-10-04,8.125,8.223,8.125,8.125,800,6500.0,,,,,
2021-10-05,8.712,9.202,8.712,9.006,5500,49533.0,,,,,
2021-10-06,8.908,9.202,8.419,8.419,58000,488302.0,,,,,
2021-10-07,8.81,8.81,8.81,8.81,200,1762.0,,,,,
2021-10-08,8.81,8.81,8.81,8.81,16600,146246.0,,,,,
2021-10-11,8.81,9.3,8.419,9.3,23100,214830.00000000003,,,,,
2021-10-12,8.516,8.516,8.419,8.419,5400,45462.600000000006,,,,,
2021-10-13,8.614,8.614,8.614,8.614,100,861.4000000000001,,,,,
2021-10-14,9.006,9.006,9.006,9.006,500,4503.0,,,,,
2021-10-15,9.006,9.104,8.81,8.81,58100,511861.0,,,,,
2021-10-18,9.104,9.104,9.104,9.104,600,5462.4,,,,,
2021-10-19,8.614,9.202,8.614,9.104,4300,39147.2,,,,,
2021-10-20,8.614,9.006,8.614,9.006,6600,59439.6,,,,,
2021-10-21,8.614,8.614,8.614,8.614,2500,21535.000000000004,,,,,
2021-10-22,8.321,8.419,8.321,8.419,6300,53039.7,,,,,
2021-10-25,8.419,8.419,8.419,8.419,100,841.9000000000001,,,,,
2021-10-26,9.202,9.3,9.104,9.104,700,6372.799999999999,,,,,
2021-10-27,8.908,8.908,8.321,8.516,1200,10219.2,,,,,
2021-10-28,8.908,8.908,8.419,8.419,2200,18521.8,,,,,
2021-10-29,8.321,9.006,8.321,8.516,14949,127305.684,,,,,
2021-11-01,8.516,8.81,8.419,8.712,2000,17424.0,,,,,
2021-11-02,8.712,8.712,8.712,8.712,8900,77536.8,,,,,
2021-11-03,8.321,8.712,8.321,8.712,1400,12196.8,,,,,
2021-11-04,8.419,8.908,8.419,8.908,10700,95315.6,,,,,
2021-11-05,8.81,8.908,8.81,8.81,5500,48455.0,,,,,
2021-11-08,9.006,9.3,8.81,9.3,4400,40920.0,,,,,
2021-11-09,9.3,9.397,9.202,9.397,2700,25371.9,,,,,
2021-11-10,8.81,9.104,8.81,9.104,1700,15476.8,,,,,
2021-11-11,8.908,9.3,8.908,9.3,1100,10230.0,,,,,
2021-11-12,9.104,10.278,9.104,9.202,40340,371208.68,,,,,
2021-11-15,9.3,9.789,9.3,9.789,13500,132151.5,,,,,
2021-11-16,9.691,10.376,9.691,10.278,19000,195282.0,,,,,
2021-11-17,10.278,11.257,10.083,11.159,15900,177428.1,,,,,
2021-11-18,11.159,11.845,11.159,11.845,13000,153985.0,,,,,
2021-11-19,12.726,13.313,10.278,12.236,5303,64887.508,,,,,
2021-11-22,11.943,11.943,10.181,10.181,7400,75339.4,,,,,
2021-11-23,9.887,11.649,9.3,9.3,16800,156240.0,,,,,
2021-11-24,9.495,9.691,9.3,9.691,9300,90126.3,,,,,
2021-11-25,9.593,9.985,9.593,9.985,11100,110833.5,,,,,
2021-11-26,9.887,10.768,9.3,9.789,18700,183054.3,,,,,
2021-11-29,9.3,10.181,9.3,10.181,7200,73303.2,,,,,
2021-11-30,9.593,10.768,9.593,10.67,3800,40546.0,,,,,
2021-12-01,10.67,10.768,9.985,9.985,2000,19970.0,,,,,
2021-12-02,9.789,10.376,9.397,10.083,1300,13107.9,,,,,
2021-12-03,9.985,10.572,9.397,10.278,1403,14420.034,,,,,
2021-12-06,9.887,10.181,8.321,8.516,13300,113262.8,,,,,
2021-12-07,9.202,9.789,9.202,9.789,300,2936.7,,,,,
2021-12-08,9.397,10.181,8.614,9.985,1900,18971.5,,,,,
2021-12-09,9.593,9.789,9.104,9.691,400,3876.4,,,,,
2021-12-10,9.3,9.3,8.908,9.202,2500,23005.0,,,,,
2021-12-13,9.3,9.985,9.104,9.691,4803,46545.87300000001,,,,,
2021-12-14,9.495,9.985,9.202,9.593,6100,58517.3,,,,,
2021-12-15,9.3,9.593,9.104,9.202,1900,17483.8,,,,,
2021-12-16,9.202,9.593,9.006,9.495,5400,51272.99999999999,,,,,
2021-12-17,9.397,9.691,9.104,9.397,6700,62959.9,,,,,
2021-12-20,9.397,9.397,9.202,9.397,3100,29130.7,,,,,
2021-12-21,9.397,9.495,9.202,9.3,9600,89280.0,,,,,
2021-12-22,9.397,9.495,9.3,9.397,4500,42286.5,,,,,
2021-12-23,9.691,9.691,8.419,9.104,5500,50071.99999999999,,,,,
2021-12-24,9.691,9.887,8.908,9.593,904,8672.072,,,,,
2021-12-27,9.789,9.789,8.908,9.495,2736,25978.32,,,,,
2021-12-28,9.3,9.495,9.3,9.495,7400,70263.0,,,,,
2021-12-29,9.3,9.593,9.3,9.593,19200,184185.6,,,,,
2021-12-30,9.593,9.691,9.3,9.495,11700,111091.5,,,,,
2021-12-31,9.397,9.789,9.397,9.593,700,6715.1,,,,,
2022-01-04,9.593,9.593,9.397,9.495,3400,32283.0,,,,,
2022-01-05,9.3,9.397,9.3,9.3,3800,35340.0,,,,,
2022-01-06,9.3,9.593,9.3,9.593,2204,21142.972,,,,,
2022-01-07,9.3,9.593,9.3,9.593,600,5755.8,,,,,
2022-01-10,9.397,9.593,9.202,9.593,6800,65232.4,,,,,
2022-01-11,9.3,9.3,9.202,9.202,1700,15643.4,,,,,
2022-01-12,9.202,9.202,8.908,8.908,1200,10689.6,,,,,
2022-01-13,8.908,9.104,8.908,9.006,5100,45930.6,,,,,
2022-01-14,8.908,8.908,8.908,8.908,300,2672.4,,,,,
2022-01-17,9.006,9.104,8.908,8.908,4300,38304.4,,,,,
2022-01-18,7.831,9.3,7.831,9.3,1300,12090.000000000002,,,,,
2022-01-19,8.908,9.006,8.908,8.908,6100,54338.8,,,,,
2022-01-20,8.908,9.104,8.908,9.104,200,1820.8,,,,,
2022-01-21,8.908,9.202,8.908,9.202,200,1840.4,,,,,
2022-01-24,8.81,9.104,8.81,9.104,1200,10924.8,,,,,
2022-01-25,9.495,9.495,8.908,9.3,4400,40920.0,,,,,
2022-01-26,8.908,9.202,8.908,9.202,1700,15643.4,,,,,
2022-01-27,9.006,9.397,9.006,9.397,700,6577.900000000001,,,,,
2022-01-28,8.81,9.3,8.321,9.3,7300,67890.0,,,,,
2022-02-07,9.3,9.397,9.3,9.397,500,4698.5,,,,,
2022-02-08,9.3,9.3,9.3,9.3,100,930.0,,,,,
2022-02-09,9.3,9.3,9.3,9.3,100,930.0,,,,,
2022-02-10,9.3,9.3,9.3,9.3,500,4650.0,,,,,
2022-02-11,9.202,9.202,9.202,9.202,200,1840.4,,,,,
2022-02-14,9.104,9.104,9.104,9.104,100,910.4,,,,,
2022-02-15,9.006,9.006,9.006,9.006,300,2701.8,,,,,
2022-02-16,9.985,9.985,9.985,9.985,100,998.5,,,,,
2022-02-17,9.495,9.593,9.397,9.397,400,3758.8,,,,,
2022-02-18,9.202,9.202,9.202,9.202,203,1868.006,,,,,
2022-02-21,8.81,9.495,7.831,9.3,5404,50257.2,,,,,
2022-02-22,8.908,9.104,8.908,9.006,1600,14409.6,,,,,
2022-02-23,9.104,9.104,8.908,8.908,300,2672.4,,,,,
2022-02-24,8.908,9.006,8.81,9.006,2100,18912.6,,,,,
2022-02-25,8.81,9.104,8.81,8.81,2100,18501.0,,,,,
2022-02-28,8.321,9.104,8.321,9.104,200,1820.8,,,,,
2022-03-01,8.614,9.104,8.516,9.104,15600,142022.4,,,,,
2022-03-02,8.908,9.104,8.908,9.104,7700,70100.79999999999,,,,,
2022-03-03,9.202,9.202,9.104,9.104,5600,50982.4,,,,,
2022-03-04,9.006,9.006,8.712,8.81,6000,52860.0,,,,,
2022-03-07,9.202,9.202,9.104,9.104,10900,99233.6,,,,,
2022-03-08,8.908,9.006,8.908,9.006,1500,13509.0,,,,,
2022-03-09,8.908,8.908,8.908,8.908,900,8017.2,,,,,
2022-03-10,8.81,9.104,8.81,9.104,800,7283.199999999999,,,,,
2022-03-11,8.908,10.181,8.908,10.181,80700,821606.7,,,,,
2022-03-14,11.649,11.649,11.062,11.159,10800,120517.2,,,,,
2022-03-15,10.866,10.866,10.866,10.866,300,3259.8,,,,,
2022-03-16,10.278,10.278,10.278,10.278,100,1027.8,,,,,
2022-03-17,9.887,10.278,9.3,10.278,21200,217893.6,,,,,
2022-03-18,10.181,10.278,10.181,10.278,200,2055.6,,,,,
2022-03-21,10.278,10.964,10.278,10.572,1300,13743.6,,,,,
2022-03-22,10.474,10.474,9.397,9.691,1900,18412.9,,,,,
2022-03-23,9.789,10.866,9.397,10.376,11600,120361.6,,,,,
2022-03-24,9.789,10.278,9.495,9.789,2800,27409.2,,,,,
2022-03-25,9.789,10.67,9.397,9.887,6000,59322.0,,,,,
2022-03-28,9.397,10.278,9.3,9.789,7200,70480.8,,,,,
2022-03-29,10.181,10.572,9.397,9.887,1000,9887.0,,,,,
2022-03-30,10.376,10.376,9.789,9.789,700,6852.3,,,,,
2022-03-31,9.789,9.789,9.789,9.789,900,8810.1,,,,,
2022-04-01,9.397,9.691,9.397,9.691,1707,16542.537,,,,,
2022-04-04,9.691,9.985,9.691,9.985,500,4992.5,,,,,
2022-04-05,9.397,9.789,9.397,9.789,1400,13704.6,,,,,
2022-04-06,9.397,9.985,9.397,9.985,1100,10983.5,,,,,
2022-04-07,9.887,9.887,9.887,9.887,100,988.7,,,,,
2022-04-08,9.397,9.887,9.397,9.887,500,4943.5,,,,,
2022-04-12,9.593,9.593,9.593,9.593,800,7674.4,,,,,
2022-04-13,9.593,9.691,9.593,9.691,900,8721.900000000001,,,,,
2022-04-14,9.691,9.789,9.691,9.789,400,3915.6,,,,,
2022-04-15,9.691,9.789,9.691,9.789,1100,10767.9,,,,,
2022-04-18,9.789,10.278,9.789,9.789,500,4894.5,,,,,
2022-04-19,9.887,9.887,9.887,9.887,100,988.7,,,,,
2022-04-20,9.3,9.3,9.3,9.3,1500,13950.000000000002,,,,,
2022-04-21,9.3,9.3,9.3,9.3,600,5580.0,,,,,
2022-04-22,9.3,9.789,9.3,9.691,400,3876.4,,,,,
2022-04-25,9.593,9.593,9.593,9.593,100,959.3,,,,,
2022-04-26,9.3,9.691,9.3,9.691,500,4845.5,,,,,
2022-04-27,9.3,9.691,9.3,9.691,1000,9691.0,,,,,
2022-04-28,9.985,9.985,9.985,9.985,200,1997.0,,,,,
2022-04-29,9.691,9.789,9.691,9.789,300,2936.7,,,,,
2022-05-04,9.3,9.789,9.3,9.789,300,2936.7,,,,,
2022-05-05,9.593,9.593,9.397,9.495,400,3798.0,,,,,
2022-05-06,9.3,10.083,9.3,10.083,1600,16132.8,,,,,
2022-05-09,9.397,9.691,9.397,9.691,1400,13567.4,,,,,
2022-05-10,9.397,9.593,9.397,9.593,1200,11511.6,,,,,
2022-05-11,9.691,9.691,9.691,9.691,607,5882.437000000001,,,,,
2022-05-12,9.3,9.3,9.3,9.3,21400,199020.00000000003,,,,,
2022-05-13,9.3,9.691,9.3,9.3,2500,23250.0,,,,,
2022-05-16,9.3,9.593,9.3,9.593,1007,9660.151,,,,,
2022-05-17,9.3,9.3,9.3,9.3,1500,13950.000000000002,,,,,
2022-05-18,9.3,9.3,9.3,9.3,1100,10230.0,,,,,
2022-05-19,9.3,9.3,9.3,9.3,100,930.0,,,,,
2022-05-20,9.789,9.789,9.397,9.397,1500,14095.5,,,,,
2022-05-23,9.3,9.397,9.3,9.397,1100,10336.7,,,,,
2022-05-24,9.202,9.3,9.202,9.3,1100,10230.0,,,,,
2022-05-25,9.202,9.202,8.908,8.908,200,1781.6,,,,,
2022-05-26,9.202,9.3,9.202,9.202,1200,11042.4,,,,,
2022-05-27,9.202,9.3,9.202,9.3,300,2790.0,,,,,
2022-05-30,9.202,9.202,9.202,9.202,1000,9202.0,,,,,
2022-05-31,9.202,9.397,9.202,9.397,3100,29130.7,,,,,
2022-06-01,9.202,9.202,9.202,9.202,200,1840.4,,,,,
2022-06-02,9.202,9.202,9.006,9.104,3500,31864.0,,,,,
2022-06-03,9.104,9.202,9.006,9.202,1400,12882.8,,,,,
2022-06-06,9.202,9.3,9.104,9.3,400,3720.000000000001,,,,,
2022-06-07,9.202,9.397,9.202,9.397,5100,47924.7,,,,,
2022-06-08,9.202,9.3,9.202,9.3,200,1860.0,,,,,
2022-06-09,9.3,9.495,9.3,9.495,200,1899.0,,,,,
2022-06-10,9.3,9.495,9.3,9.397,13800,129678.6,,,,,
2022-06-13,9.3,9.397,9.3,9.397,200,1879.4,,,,,
2022-06-14,9.104,9.202,9.104,9.202,200,1840.4,,,,,
2022-06-15,9.202,9.789,9.202,9.789,400,3915.6,,,,,
2022-06-16,9.3,9.397,9.3,9.397,200,1879.4,,,,,
2022-06-17,9.202,9.3,9.202,9.3,300,2790.0,,,,,
2022-06-20,9.202,9.3,9.202,9.3,200,1860.0,,,,,
2022-06-21,9.104,9.202,9.104,9.202,200,1840.4,,,,,
2022-06-22,9.104,9.202,9.104,9.202,200,1840.4,,,,,
2022-06-23,9.006,9.202,8.908,9.202,800,7361.6,,,,,
2022-06-24,9.104,9.202,8.81,9.202,1300,11962.6,,,,,
2022-06-27,8.81,9.789,8.81,9.789,11100,108657.9,,,,,
2022-06-28,9.202,9.397,9.202,9.397,500,4698.5,,,,,
2022-06-29,9.397,9.985,9.397,9.985,500,4992.5,,,,,
2022-06-30,9.495,9.887,9.202,9.3,1500,13950.000000000002,,,,,
2022-07-01,9.104,9.104,9.006,9.006,1500,13509.0,,,,,
2022-07-04,9.104,9.397,9.104,9.397,2000,18794.0,,,,,
2022-07-05,9.104,9.3,9.104,9.3,2000,18600.0,,,,,
2022-07-06,9.104,9.593,9.104,9.202,2000,18404.0,,,,,
2022-07-07,9.006,9.887,9.006,9.006,23200,208939.2,,,,,
2022-07-08,9.006,9.593,8.908,9.495,2600,24687.0,,,,,
2022-07-11,9.202,9.397,9.104,9.397,1000,9397.0,,,,,
2022-07-12,9.104,9.202,9.104,9.202,1900,17483.8,,,,,
2022-07-13,9.104,9.691,9.104,9.104,3100,28222.4,,,,,
2022-07-14,9.104,9.789,9.104,9.789,1100,10767.9,,,,,
2022-07-15,9.104,9.495,9.006,9.495,2300,21838.5,,,,,
2022-07-18,9.104,9.3,9.104,9.3,200,1860.0,,,,,
2022-07-19,9.104,9.593,9.104,9.593,1000,9593.0,,,,,
2022-07-20,9.202,9.495,9.006,9.495,9600,91152.0,,,,,
2022-07-21,9.104,9.691,9.104,9.691,800,7752.8,,,,,
2022-07-22,9.3,9.397,9.3,9.397,300,2819.1,,,,,
2022-07-25,9.104,9.3,9.104,9.3,200,1860.0,,,,,
2022-07-26,9.202,9.397,9.202,9.397,802,7536.394,,,,,
2022-07-27,9.006,9.397,9.006,9.397,300,2819.1,,,,,
2022-07-28,9.397,9.397,9.104,9.202,1800,16563.6,,,,,
2022-07-29,9.3,10.083,9.3,10.083,800,8066.400000000001,,,,,
2022-08-01,9.3,9.789,9.3,9.789,800,7831.2,,,,,
2022-08-02,9.397,9.691,8.81,9.691,4000,38764.0,,,,,
2022-08-03,9.104,9.789,8.908,9.3,1500,13950.000000000002,,,,,
2022-08-04,9.104,9.887,9.104,9.593,700,6715.1,,,,,
2022-08-05,9.202,9.985,9.104,9.789,2900,28388.1,,,,,
2022-08-08,9.202,10.866,9.104,10.866,3900,42377.4,,,,,
2022-08-09,9.3,9.691,9.3,9.691,200,1938.2,,,,,
2022-08-10,9.202,9.495,9.202,9.3,2700,25110.000000000004,,,,,
2022-08-11,9.3,9.691,9.3,9.691,200,1938.2,,,,,
2022-08-12,9.495,10.866,9.104,10.866,4200,45637.2,,,,,
2022-08-15,10.083,10.278,9.202,9.789,1700,16641.3,,,,,
2022-08-16,9.3,9.691,9.104,9.691,3600,34887.600000000006,,,,,
2022-08-17,9.3,9.495,9.3,9.495,200,1899.0,,,,,
2022-08-18,9.3,9.593,9.3,9.593,300,2877.9,,,,,
2022-08-19,9.3,9.593,9.202,9.593,2200,21104.6,,,,,
2022-08-22,9.3,9.495,9.3,9.495,200,1899.0,,,,,
2022-08-23,9.3,9.397,9.3,9.397,200,1879.4,,,,,
2022-08-24,9.397,9.789,9.397,9.593,2000,19186.0,,,,,
2022-08-25,9.3,9.789,9.3,9.789,1200,11746.8,,,,,
2022-08-26,9.104,9.397,9.104,9.397,200,1879.4,,,,,
2022-08-29,9.104,9.593,9.006,9.006,3700,33322.200000000004,,,,,
2022-08-30,9.006,9.202,8.908,9.202,2700,24845.4,,,,,
2022-08-31,9.006,9.104,8.81,9.104,4600,41878.4,,,,,
2022-09-05,9.006,9.3,8.908,9.3,2200,20460.0,,,,,
2022-09-06,9.006,9.3,8.908,9.3,1600,14880.000000000002,,,,,
2022-09-07,9.006,9.202,9.006,9.202,200,1840.4,,,,,
2022-09-08,8.908,9.104,8.908,9.104,200,1820.8,,,,,
2022-09-09,8.908,9.104,8.908,9.104,200,1820.8,,,,,
2022-09-12,9.3,9.495,9.3,9.495,5000,47474.99999999999,,,,,
2022-09-13,9.006,9.397,8.908,8.908,300,2672.4,,,,,
2022-09-14,9.006,9.691,8.908,8.908,5300,47212.4,,,,,
2022-09-15,9.006,9.397,9.006,9.397,200,1879.4,,,,,
2022-09-16,8.908,9.202,8.908,9.202,300,2760.6,,,,,
2022-09-19,9.3,9.3,9.3,9.3,200,1860.0,,,,,
2022-09-20,8.908,9.202,8.908,9.202,200,1840.4,,,,,
2022-09-21,8.908,9.104,8.908,9.104,200,1820.8,,,,,
2022-09-22,8.908,9.104,8.908,9.104,200,1820.8,,,,,
2022-09-23,9.006,9.006,9.006,9.006,100,900.6,,,,,
2022-09-26,8.908,9.006,8.908,9.006,200,1801.2,,,,,
2022-09-27,8.908,8.908,8.908,8.908,1000,8908.0,,,,,
2022-09-28,8.908,9.006,8.908,9.006,200,1801.2,,,,,
2022-09-29,8.908,8.908,8.908,8.908,100,890.8,,,,,
2022-09-30,8.81,8.81,8.712,8.81,2000,17620.0,,,,,
2022-10-03,8.81,8.81,8.81,8.81,100,881.0,,,,,
2022-10-04,8.81,8.81,8.81,8.81,100,881.0,,,,,
2022-10-05,8.81,9.104,8.81,9.104,3100,28222.4,,,,,
2022-10-06,8.908,8.908,8.908,8.908,100,890.8,,,,,
2022-10-07,8.712,8.712,8.712,8.712,100,871.1999999999999,,,,,
2022-10-10,8.712,8.712,8.614,8.712,2000,17424.0,,,,,
2022-10-11,7.929,7.929,7.929,7.929,300,2378.7000000000003,,,,,
2022-10-12,7.929,7.929,7.929,7.929,1000,7929.0,,,,,
2022-10-13,7.929,7.929,7.929,7.929,100,792.9,,,,,
2022-10-14,7.929,7.929,7.929,7.929,100,792.9,,,,,
2022-10-17,7.929,7.929,7.929,7.929,1500,11893.5,,,,,
2022-10-18,8.81,8.81,8.81,8.81,5000,44050.0,,,,,
2022-10-19,8.027,8.027,8.027,8.027,200,1605.4,,,,,
2022-10-20,8.027,8.027,8.027,8.027,1000,8026.999999999999,,,,,
2022-10-21,8.027,8.027,8.027,8.027,100,802.6999999999999,,,,,
2022-10-24,8.027,8.027,8.027,8.027,1,8.027,,,,,
2022-10-25,8.027,8.027,8.027,8.027,100,802.6999999999999,,,,,
2022-10-26,8.027,8.027,8.027,8.027,100,802.6999999999999,,,,,
2022-10-27,7.929,8.027,7.929,8.027,200,1605.4,,,,,
2022-10-28,7.929,8.027,7.831,8.027,300,2408.1,,,,,
2022-10-31,7.929,7.929,7.929,7.929,100,792.9,,,,,
2022-11-01,7.929,7.929,7.929,7.929,100,792.9,,,,,
2022-11-02,7.929,7.929,7.929,7.929,100,792.9,,,,,
2022-11-03,7.929,7.929,7.929,7.929,100,792.9,,,,,
2022-11-04,8.321,8.321,8.321,8.321,5000,41605.0,,,,,
2022-11-07,8.321,8.321,8.321,8.321,300,2496.3,,,,,
2022-11-08,8.321,8.321,8.321,8.321,1000,8321.0,,,,,
2022-11-09,8.321,8.419,8.321,8.419,2000,16838.0,,,,,
2022-11-10,8.321,8.321,8.321,8.321,1500,12481.5,,,,,
2022-11-11,8.321,8.321,8.321,8.321,5200,43269.2,,,,,
2022-11-14,8.321,9.006,8.321,9.006,7700,69346.2,,,,,
2022-11-15,9.104,9.104,8.321,8.321,5800,48261.8,,,,,
2022-11-16,8.81,9.495,8.81,9.495,300,2848.4999999999995,,,,,
2022-11-17,9.691,9.691,9.691,9.691,5000,48455.0,,,,,
2022-11-18,9.691,9.691,9.691,9.691,100,969.1,,,,,
2022-11-21,9.593,9.593,9.593,9.593,100,959.3,,,,,
2022-11-22,9.691,9.691,9.691,9.691,100,969.1,,,,,
2022-11-23,9.691,9.691,9.691,9.691,100,969.1,,,,,
2022-11-24,9.789,9.789,9.789,9.789,100,978.9,,,,,
2022-11-25,9.789,10.278,9.789,10.278,2200,22611.6,,,,,
2022-11-28,10.278,11.355,10.278,11.355,2400,27252.0,,,,,
2022-11-29,12.04,12.04,9.202,10.768,5700,61377.600000000006,,,,,
2022-11-30,10.67,10.67,10.67,10.67,100,1067.0,,,,,
2022-12-01,11.551,11.551,11.551,11.551,200,2310.2,,,,,
2022-12-02,11.159,11.159,11.159,11.159,100,1115.9,,,,,
2022-12-05,10.768,10.768,9.495,9.495,300,2848.4999999999995,,,,,
2022-12-06,9.593,9.593,9.593,9.593,100,959.3,,,,,
2022-12-07,9.593,9.789,9.593,9.789,1000,9789.0,,,,,
2022-12-08,9.691,9.691,9.691,9.691,100,969.1,,,,,
2022-12-09,9.691,9.691,9.691,9.691,100,969.1,,,,,
2022-12-12,10.181,10.181,10.181,10.181,100,1018.1,,,,,
2022-12-13,10.768,10.768,10.768,10.768,100,1076.8000000000002,,,,,
2022-12-14,9.691,9.691,9.691,9.691,100,969.1,,,,,
2022-12-15,9.691,9.691,9.691,9.691,100,969.1,,,,,
2022-12-16,9.593,9.593,9.593,9.593,100,959.3,,,,,
2022-12-19,9.593,9.593,9.593,9.593,100,959.3,,,,,
2022-12-20,9.593,9.593,9.593,9.593,100,959.3,,,,,
2022-12-21,9.593,9.593,9.593,9.593,100,959.3,,,,,
2022-12-22,9.789,9.789,9.593,9.593,5100,48924.3,,,,,
2022-12-23,9.789,9.789,9.789,9.789,100,978.9,,,,,
2022-12-26,9.789,9.789,9.789,9.789,10000,97890.0,,,,,
2022-12-27,9.691,9.691,9.691,9.691,100,969.1,,,,,
2022-12-28,9.691,9.691,9.691,9.691,0,0.0,,,,,
2022-12-29,9.691,9.691,9.691,9.691,0,0.0,,,,,
2022-12-30,9.691,9.691,9.691,9.691,0,0.0,,,,,
2023-01-03,9.691,9.691,9.691,9.691,0,0.0,,,,,
2023-01-04,9.691,9.691,9.691,9.691,0,0.0,,,,,
2023-01-05,9.691,9.691,9.691,9.691,0,0.0,,,,,
2023-01-06,9.691,9.691,9.691,9.691,0,0.0,,,,,
2023-01-09,9.691,9.691,9.691,9.691,0,0.0,,,,,
2023-01-10,9.691,9.691,9.691,9.691,0,0.0,,,,,
2023-01-11,8.81,8.81,8.81,8.81,200,1762.0,,,,,
2023-01-12,8.81,8.81,8.81,8.81,0,0.0,,,,,
2023-01-13,8.81,8.81,8.81,8.81,0,0.0,,,,,
2023-01-16,8.81,8.81,8.81,8.81,0,0.0,,,,,
2023-01-17,8.81,8.81,8.81,8.81,0,0.0,,,,,
2023-01-18,8.81,8.81,8.81,8.81,0,0.0,,,,,
2023-01-19,9.789,9.789,9.789,9.789,100,978.9,,,,,
2023-01-27,9.789,9.789,9.789,9.789,0,0.0,,,,,
2023-01-30,9.789,9.789,9.789,9.789,0,0.0,,,,,
2023-01-31,9.3,9.3,9.3,9.3,100,930.0,,,,,
2023-02-01,9.3,9.3,9.3,9.3,0,0.0,,,,,
2023-02-02,9.3,9.3,9.3,9.3,0,0.0,,,,,
2023-02-03,9.3,9.3,9.3,9.3,0,0.0,,,,,
2023-02-06,9.3,9.3,9.3,9.3,0,0.0,,,,,
2023-02-07,9.3,9.3,9.3,9.3,0,0.0,,,,,
2023-02-08,9.3,9.3,9.3,9.3,0,0.0,,,,,
2023-02-09,9.3,9.3,9.3,9.3,0,0.0,,,,,
2023-02-10,9.3,9.3,9.3,9.3,0,0.0,,,,,
2023-02-13,9.3,9.3,9.3,9.3,0,0.0,,,,,
2023-02-14,9.3,9.3,9.3,9.3,0,0.0,,,,,
2023-02-15,9.3,9.3,9.3,9.3,0,0.0,,,,,
2023-02-16,9.3,9.3,9.3,9.3,0,0.0,,,,,
2023-02-17,9.3,9.3,9.3,9.3,0,0.0,,,,,
2023-02-20,9.3,9.3,9.3,9.3,0,0.0,,,,,
2023-02-21,9.3,9.3,9.3,9.3,0,0.0,,,,,
2023-02-22,9.3,9.3,9.3,9.3,0,0.0,,,,,
2023-02-23,9.3,9.3,9.3,9.3,0,0.0,,,,,
2023-02-24,9.3,9.3,9.3,9.3,0,0.0,,,,,
2023-02-27,9.3,9.3,9.3,9.3,0,0.0,,,,,
2023-02-28,9.3,9.3,9.3,9.3,0,0.0,,,,,
2023-03-01,9.3,9.3,9.3,9.3,0,0.0,,,,,
2023-03-02,7.929,7.929,7.929,7.929,1000,7929.0,,,,,
2023-03-03,7.929,7.929,7.929,7.929,0,0.0,,,,,
2023-03-06,7.929,7.929,7.929,7.929,0,0.0,,,,,
2023-03-07,7.929,7.929,7.929,7.929,0,0.0,,,,,
2023-03-08,7.733,8.223,7.44,8.223,9900,81407.70000000001,,,,,
2023-03-09,8.81,8.81,8.81,8.81,100,881.0,,,,,
2023-03-10,8.712,10.083,8.712,10.083,700,7058.1,,,,,
2023-03-13,9.104,9.202,9.104,9.202,400,3680.8,,,,,
2023-03-14,9.3,9.3,9.3,9.3,200,1860.0,,,,,
2023-03-15,8.81,9.397,8.81,9.397,500,4698.5,,,,,
2023-03-16,8.81,9.202,8.712,9.202,600,5521.2,,,,,
2023-03-17,8.908,9.104,8.908,9.104,400,3641.6,,,,,
2023-03-20,8.81,8.81,8.81,8.81,100,881.0,,,,,
2023-03-21,8.81,8.81,8.81,8.81,0,0.0,,,,,
2023-03-22,7.831,7.831,7.733,7.831,5000,39155.0,,,,,
2023-03-23,7.929,8.81,7.929,8.81,4900,43169.0,,,,,
2023-03-24,8.321,8.81,8.321,8.81,200,1762.0,,,,,
2023-03-27,8.614,8.614,8.614,8.614,0,0.0,,,,,
2023-03-28,8.614,8.614,8.614,8.614,0,0.0,,,,,
2023-03-29,8.614,8.614,8.614,8.614,0,0.0,,,,,
2023-03-30,8.614,8.614,8.614,8.614,0,0.0,,,,,
2023-03-31,8.614,8.614,8.614,8.614,0,0.0,,,,,
2023-04-03,7.831,7.831,7.831,7.831,609,4769.079000000001,,,,,
2023-04-04,7.831,7.929,7.831,7.929,1504,11925.216,,,,,
2023-04-05,7.929,7.929,7.929,7.929,0,0.0,,,,,
2023-04-06,7.831,7.831,7.831,7.831,1200,9397.2,,,,,
2023-04-07,7.831,7.831,7.831,7.831,0,0.0,,,,,
2023-04-10,7.831,7.831,7.831,7.831,0,0.0,,,,,
2023-04-11,7.831,7.831,7.831,7.831,0,0.0,,,,,
2023-04-12,7.831,7.831,7.831,7.831,0,0.0,,,,,
2023-04-13,7.831,7.831,7.831,7.831,4800,37588.8,,,,,
2023-04-14,8.321,8.321,8.321,8.321,200,1664.2,,,,,
2023-04-17,8.321,8.321,8.321,8.321,0,0.0,,,,,
2023-04-18,8.321,8.321,8.321,8.321,0,0.0,,,,,
2023-04-19,7.831,7.831,7.831,7.831,1700,13312.7,,,,,
2023-04-20,7.929,7.929,7.929,7.929,100,792.9,,,,,
2023-04-21,7.929,7.929,7.929,7.929,0,0.0,,,,,
2023-04-24,7.929,7.929,7.929,7.929,0,0.0,,,,,
2023-04-25,7.929,7.929,7.929,7.929,0,0.0,,,,,
2023-04-26,7.929,7.929,7.929,7.929,0,0.0,,,,,
2023-04-27,7.929,7.929,7.929,7.929,0,0.0,,,,,
2023-04-28,7.929,7.929,7.929,7.929,0,0.0,,,,,
2023-05-04,7.929,7.929,7.929,7.929,0,0.0,,,,,
2023-05-05,7.929,7.929,7.929,7.929,0,0.0,,,,,
2023-05-08,7.929,7.929,7.929,7.929,10000,79290.0,,,,,
2023-05-09,7.929,7.929,7.929,7.929,0,0.0,,,,,
2023-05-10,7.929,7.929,7.929,7.929,0,0.0,,,,,
2023-05-11,7.929,7.929,7.929,7.929,0,0.0,,,,,
2023-05-12,7.929,7.929,7.929,7.929,1,7.929,,,,,
2023-05-15,7.929,7.929,7.929,7.929,0,0.0,,,,,
2023-05-16,7.929,7.929,7.929,7.929,0,0.0,,,,,
2023-05-17,7.929,7.929,7.929,7.929,0,0.0,,,,,
2023-05-18,7.929,7.929,7.929,7.929,0,0.0,,,,,
2023-05-19,7.929,7.929,7.929,7.929,0,0.0,,,,,
2023-05-22,7.929,7.929,7.929,7.929,0,0.0,,,,,
2023-05-23,7.929,7.929,7.929,7.929,0,0.0,,,,,
2023-05-24,7.929,7.929,7.929,7.929,0,0.0,,,,,
2023-05-25,7.929,7.929,7.929,7.929,0,0.0,,,,,
2023-05-26,7.929,7.929,7.929,7.929,0,0.0,,,,,
2023-05-29,7.929,7.929,7.929,7.929,0,0.0,,,,,
2023-05-30,7.929,7.929,7.929,7.929,0,0.0,,,,,
2023-05-31,7.929,7.929,7.929,7.929,0,0.0,,,,,
2023-06-01,7.929,7.929,7.929,7.929,0,0.0,,,,,
2023-06-02,7.929,7.929,7.929,7.929,0,0.0,,,,,
2023-06-05,7.929,7.929,7.929,7.929,0,0.0,,,,,
2023-06-06,7.929,7.929,7.929,7.929,0,0.0,,,,,
2023-06-07,7.929,7.929,7.929,7.929,0,0.0,,,,,
2023-06-08,7.929,7.929,7.929,7.929,0,0.0,,,,,
2023-06-09,7.929,7.929,7.929,7.929,0,0.0,,,,,
2023-06-12,7.929,7.929,7.929,7.929,0,0.0,,,,,
2023-06-13,7.929,7.929,7.929,7.929,0,0.0,,,,,
2023-06-14,7.929,7.929,7.929,7.929,200,1585.8,,,,,
2023-06-15,7.929,7.929,7.929,7.929,0,0.0,,,,,
2023-06-16,7.929,7.929,7.929,7.929,0,0.0,,,,,
2023-06-19,7.929,7.929,7.929,7.929,0,0.0,,,,,
2023-06-20,7.929,7.929,7.929,7.929,0,0.0,,,,,
2023-06-21,7.831,7.831,7.831,7.831,500,3915.5,,,,,
2023-06-22,7.831,7.831,7.831,7.831,0,0.0,,,,,
2023-06-23,7.831,7.831,7.831,7.831,0,0.0,,,,,
2023-06-26,7.831,7.831,7.831,7.831,0,0.0,,,,,
2023-06-27,7.831,7.831,7.831,7.831,0,0.0,,,,,
2023-06-28,7.831,7.831,7.831,7.831,0,0.0,,,,,
2023-06-29,7.831,7.831,7.831,7.831,0,0.0,,,,,
2023-06-30,9.006,9.006,9.006,9.006,2500,22515.0,,,,,
2023-07-03,9.006,9.006,9.006,9.006,46,414.276,,,,,
2023-07-04,10.278,10.278,8.712,8.712,3100,27007.2,,,,,
2023-07-05,8.81,8.81,8.81,8.81,0,0.0,,,,,
2023-07-06,9.985,9.985,9.985,9.985,100,998.5,,,,,
2023-07-07,9.985,9.985,9.985,9.985,0,0.0,,,,,
2023-07-10,9.985,9.985,9.985,9.985,0,0.0,,,,,
2023-07-11,9.985,11.453,9.985,9.985,90600,904641.0,,,,,
2023-07-12,11.355,11.355,11.355,11.355,0,0.0,,,,,
2023-07-13,11.257,11.257,11.257,11.257,86000,968102.0,,,,,
2023-07-14,11.257,11.257,11.257,11.257,0,0.0,,,,,
2023-07-17,11.551,11.551,9.593,9.593,99300,952584.9,,,,,
2023-07-18,12.236,12.236,12.236,12.236,100,1223.6,,,,,
2023-07-19,12.04,12.04,12.04,12.04,113000,1360520.0,,,,,
2023-07-20,12.04,12.04,12.04,12.04,0,0.0,,,,,
2023-07-21,11.943,11.943,11.943,11.943,114000,1361502.0,,,,,
2023-07-24,11.943,11.943,11.943,11.943,0,0.0,,,,,
2023-07-25,11.845,11.845,11.649,11.649,192000,2236608.0,,,,,
2023-07-26,11.159,13.509,10.083,10.083,173700,1751417.1,,,,,
2023-07-27,13.313,13.313,13.313,13.313,0,0.0,,,,,
2023-07-28,12.53,12.53,11.355,11.355,187200,2125656.0,,,,,
2023-07-31,10.572,10.572,10.572,10.572,516,5455.151999999999,,,,,
2023-08-01,10.572,10.572,10.572,10.572,101,1067.772,,,,,
2023-08-02,9.006,9.006,9.006,9.006,3400,30620.4,,,,,
2023-08-03,9.006,9.006,9.006,9.006,0,0.0,,,,,
2023-08-04,9.006,9.006,9.006,9.006,1,9.006,,,,,
2023-08-07,9.006,9.006,9.006,9.006,4,36.024,,,,,
2023-08-08,9.006,9.006,9.006,9.006,500,4503.0,,,,,
2023-08-09,9.006,9.104,9.006,9.104,403,3668.912,,,,,
2023-08-10,9.006,9.006,9.006,9.006,0,0.0,,,,,
2023-08-11,9.006,9.006,9.006,9.006,1,9.006,,,,,
2023-08-14,9.006,9.006,9.006,9.006,0,0.0,,,,,
2023-08-15,9.006,9.006,9.006,9.006,3,27.018,,,,,
2023-08-16,9.006,9.006,9.006,9.006,0,0.0,,,,,
2023-08-17,9.006,9.006,9.006,9.006,101,909.606,,,,,
2023-08-18,9.006,9.006,9.006,9.006,0,0.0,,,,,
2023-08-21,9.006,9.006,9.006,9.006,0,0.0,,,,,
2023-08-22,9.006,9.006,9.006,9.006,0,0.0,,,,,
2023-08-23,9.006,9.006,9.006,9.006,0,0.0,,,,,
2023-08-24,9.006,9.006,9.006,9.006,0,0.0,,,,,
2023-08-25,8.81,8.81,8.614,8.614,6200,53406.8,,,,,
2023-08-28,8.81,9.006,8.81,8.81,1501,13223.81,,,,,
2023-08-29,9.006,9.006,8.81,8.81,1100,9691.0,,,,,
2023-08-30,8.712,9.006,8.516,8.516,3600,30657.6,,,,,
2023-08-31,8.516,8.516,8.516,8.516,100,851.6,,,,,
2023-09-05,8.516,8.516,8.516,8.516,0,0.0,,,,,
2023-09-06,8.516,8.516,8.516,8.516,0,0.0,,,,,
2023-09-07,8.516,8.516,8.516,8.516,0,0.0,,,,,
2023-09-08,8.516,8.516,8.516,8.516,0,0.0,,,,,
2023-09-11,8.614,8.614,8.614,8.614,204,1757.256,,,,,
2023-09-12,8.614,8.614,8.614,8.614,0,0.0,,,,,
2023-09-13,8.614,8.614,8.614,8.614,0,0.0,,,,,
2023-09-14,8.614,8.614,8.614,8.614,0,0.0,,,,,
2023-09-15,8.614,8.614,8.614,8.614,304,2618.6560000000004,,,,,
2023-09-18,8.614,8.614,8.614,8.614,0,0.0,,,,,
2023-09-19,8.614,8.614,8.614,8.614,100,861.4000000000001,,,,,
2023-09-20,8.614,8.614,8.614,8.614,500,4307.0,,,,,
2023-09-21,8.614,8.614,8.614,8.614,0,0.0,,,,,
2023-09-22,8.614,8.614,8.614,8.614,0,0.0,,,,,
2023-09-25,8.614,8.614,8.614,8.614,0,0.0,,,,,
2023-09-26,8.614,8.614,8.614,8.614,0,0.0,,,,,
2023-09-27,8.614,8.614,8.614,8.614,0,0.0,,,,,
2023-09-28,8.614,8.614,8.614,8.614,0,0.0,,,,,
2023-09-29,8.614,8.614,8.614,8.614,0,0.0,,,,,
2023-10-02,8.614,8.614,8.614,8.614,0,0.0,,,,,
2023-10-03,8.614,8.614,8.614,8.614,0,0.0,,,,,
2023-10-04,8.614,8.614,8.614,8.614,0,0.0,,,,,
2023-10-05,8.614,8.614,8.614,8.614,0,0.0,,,,,
2023-10-06,8.614,8.614,8.614,8.614,0,0.0,,,,,
2023-10-09,8.614,8.614,8.614,8.614,0,0.0,,,,,
2023-10-10,8.614,8.614,8.614,8.614,0,0.0,,,,,
2023-10-11,8.614,8.614,8.614,8.614,0,0.0,,,,,
2023-10-12,8.614,8.614,8.614,8.614,1,8.614,,,,,
2023-10-13,8.614,8.614,8.614,8.614,400,3445.6000000000004,,,,,
2023-10-16,8.614,8.614,8.614,8.614,0,0.0,,,,,
2023-10-17,8.614,8.614,8.614,8.614,0,0.0,,,,,
2023-10-18,8.614,8.614,8.614,8.614,300,2584.2000000000003,,,,,
2023-10-19,8.614,8.614,8.614,8.614,0,0.0,,,,,
2023-10-20,8.614,8.614,8.614,8.614,0,0.0,,,,,
2023-10-23,8.614,8.614,8.614,8.614,0,0.0,,,,,
2023-10-24,8.614,8.614,8.614,8.614,0,0.0,,,,,
2023-10-25,8.614,8.614,8.614,8.614,0,0.0,,,,,
2023-10-26,8.614,8.614,8.614,8.614,400,3445.6000000000004,,,,,
2023-10-27,8.614,8.614,8.614,8.614,300,2584.2000000000003,,,,,
2023-10-30,8.614,8.614,8.614,8.614,300,2584.2000000000003,,,,,
2023-10-31,8.614,8.614,8.614,8.614,0,0.0,,,,,
2023-11-01,8.614,8.614,8.614,8.614,0,0.0,,,,,
2023-11-02,8.614,8.614,8.614,8.614,0,0.0,,,,,
2023-11-03,8.614,8.614,8.614,8.614,0,0.0,,,,,
2023-11-06,8.614,8.614,8.614,8.614,1,8.614,,,,,
2023-11-07,9.397,9.397,9.397,9.397,100,939.7,,,,,
2023-11-08,9.397,9.397,9.397,9.397,0,0.0,,,,,
2023-11-09,9.397,9.397,9.397,9.397,0,0.0,,,,,
2023-11-10,9.397,9.397,9.397,9.397,0,0.0,,,,,
2023-11-13,9.397,9.397,9.397,9.397,0,0.0,,,,,
2023-11-14,8.419,8.419,8.419,8.419,100,841.9000000000001,,,,,
2023-11-15,8.419,8.419,8.419,8.419,0,0.0,,,,,
2023-11-16,8.321,8.321,8.321,8.321,100,832.1,,,,,
2023-11-17,8.321,8.321,8.321,8.321,1400,11649.4,,,,,
2023-11-20,8.321,8.321,8.321,8.321,0,0.0,,,,,
2023-11-21,8.321,8.321,8.321,8.321,0,0.0,,,,,
2023-11-22,8.321,8.321,8.321,8.321,0,0.0,,,,,
2023-11-23,8.321,8.321,8.321,8.321,0,0.0,,,,,
2023-11-24,8.321,8.321,8.321,8.321,0,0.0,,,,,
2023-11-27,8.321,8.321,8.321,8.321,0,0.0,,,,,
2023-11-28,8.321,8.321,8.321,8.321,0,0.0,,,,,
2023-11-29,8.321,8.321,8.321,8.321,0,0.0,,,,,
2023-11-30,9.3,9.3,9.3,9.3,100,930.0,,,,,
2023-12-01,9.3,9.3,9.3,9.3,0,0.0,,,,,
2023-12-04,9.202,9.202,9.202,9.202,100,920.2,,,,,
2023-12-05,9.202,9.202,9.202,9.202,100,920.2,,,,,
2023-12-06,9.593,9.593,9.593,9.593,100,959.3,,,,,
2023-12-07,9.593,9.593,9.593,9.593,100,959.3,,,,,
2023-12-08,9.593,9.593,9.593,9.593,0,0.0,,,,,
2023-12-11,10.083,10.083,10.083,10.083,300,3024.9,,,,,
2023-12-12,10.181,10.181,10.181,10.181,100,1018.1,,,,,
2023-12-13,10.181,10.181,10.181,10.181,0,0.0,,,,,
2023-12-14,9.593,9.593,9.593,9.593,100,959.3,,,,,
2023-12-15,9.593,9.593,9.593,9.593,0,0.0,,,,,
2023-12-18,9.691,9.691,9.691,9.691,100,969.1,,,,,
2023-12-19,9.691,9.691,9.691,9.691,0,0.0,,,,,
2023-12-20,9.691,9.691,9.691,9.691,0,0.0,,,,,
2023-12-21,10.67,10.67,10.67,10.67,319,3403.73,,,,,
2023-12-22,9.789,9.789,9.104,9.104,400,3641.6,,,,,
2023-12-25,9.397,9.397,9.397,9.397,0,0.0,,,,,
2023-12-26,9.202,9.202,9.202,9.202,100,920.2,,,,,
2023-12-27,7.831,9.104,7.831,9.104,1800,16387.199999999997,,,,,
2023-12-28,8.321,8.419,8.321,8.321,300,2496.3,,,,,
2023-12-29,8.614,9.495,8.321,9.495,2500,23737.5,,,,,
2024-01-02,8.321,9.495,8.321,9.495,1300,12343.499999999998,,,,,
2024-01-03,8.516,8.516,8.321,8.516,700,5961.2,,,,,
2024-01-04,8.321,8.614,8.321,8.321,4300,35780.3,,,,,
2024-01-05,8.321,8.321,8.321,8.321,0,0.0,,,,,
2024-01-08,9.397,9.495,9.397,9.495,700,6646.499999999999,,,,,
2024-01-09,10.278,10.278,10.278,10.278,200,2055.6,,,,,
2024-01-10,10.278,10.278,10.278,10.278,0,0.0,,,,,
2024-01-11,10.278,10.278,10.278,10.278,0,0.0,,,,,
2024-01-12,10.278,10.278,10.278,10.278,0,0.0,,,,,
2024-01-15,10.278,10.278,10.278,10.278,0,0.0,,,,,
2024-01-16,10.278,10.278,10.278,10.278,0,0.0,,,,,
2024-01-17,10.278,10.278,10.278,10.278,0,0.0,,,,,
2024-01-18,10.278,10.278,10.278,10.278,0,0.0,,,,,
2024-01-19,10.278,10.278,10.278,10.278,0,0.0,,,,,
2024-01-22,10.278,10.278,10.278,10.278,0,0.0,,,,,
2024-01-23,10.278,10.278,10.278,10.278,0,0.0,,,,,
2024-01-24,10.278,10.278,10.278,10.278,0,0.0,,,,,
2024-01-25,10.278,10.278,10.278,10.278,0,0.0,,,,,
2024-01-26,10.278,10.278,10.278,10.278,0,0.0,,,,,
2024-01-29,10.278,10.278,10.278,10.278,0,0.0,,,,,
2024-01-30,10.278,10.278,10.278,10.278,0,0.0,,,,,
2024-01-31,10.278,10.278,10.278,10.278,0,0.0,,,,,
2024-02-01,10.278,10.278,10.278,10.278,0,0.0,,,,,
2024-02-02,10.278,10.278,10.278,10.278,0,0.0,,,,,
2024-02-05,10.278,10.278,10.278,10.278,0,0.0,,,,,
2024-02-06,10.278,10.278,10.278,10.278,0,0.0,,,,,
2024-02-07,10.278,10.278,10.278,10.278,0,0.0,,,,,
2024-02-15,10.278,10.278,10.278,10.278,0,0.0,,,,,
2024-02-16,10.278,10.278,10.278,10.278,0,0.0,,,,,
2024-02-19,10.278,10.278,10.278,10.278,0,0.0,,,,,
2024-02-20,10.278,10.278,10.278,10.278,0,0.0,,,,,
2024-02-21,10.278,10.278,10.278,10.278,0,0.0,,,,,
2024-02-22,10.278,10.278,10.278,10.278,0,0.0,,,,,
2024-02-23,10.278,10.278,10.278,10.278,0,0.0,,,,,
2024-02-26,10.278,10.278,10.278,10.278,0,0.0,,,,,
2024-02-27,10.278,10.278,10.278,10.278,0,0.0,,,,,
2024-02-28,10.278,10.278,10.278,10.278,0,0.0,,,,,
2024-02-29,10.278,10.278,10.278,10.278,0,0.0,,,,,
2024-03-01,10.278,10.278,10.278,10.278,0,0.0,,,,,
2024-03-04,10.278,10.278,10.278,10.278,0,0.0,,,,,
2024-03-05,8.712,8.712,8.712,8.712,4900,42688.8,,,,,
2024-03-06,9.887,9.887,9.887,9.887,100,988.7,,,,,
2024-03-07,9.887,9.887,9.887,9.887,0,0.0,,,,,
2024-03-08,9.887,9.887,9.887,9.887,0,0.0,,,,,
2024-03-11,9.887,9.887,9.887,9.887,0,0.0,,,,,
2024-03-12,9.887,9.887,9.887,9.887,1,9.887,,,,,
2024-03-13,9.887,9.887,9.887,9.887,0,0.0,,,,,
2024-03-14,9.887,9.887,9.887,9.887,4,39.548,,,,,
2024-03-15,9.887,9.887,9.887,9.887,0,0.0,,,,,
2024-03-18,9.887,9.887,9.887,9.887,0,0.0,,,,,
2024-03-19,9.887,9.887,9.887,9.887,0,0.0,,,,,
2024-03-20,9.887,9.887,9.887,9.887,0,0.0,,,,,
2024-03-21,9.887,9.887,9.887,9.887,200,1977.4,,,,,
2024-03-22,9.887,9.887,9.887,9.887,2400,23728.800000000003,,,,,
2024-03-25,11.159,11.159,11.159,11.159,100,1115.9,,,,,
2024-03-26,11.159,11.159,11.159,11.159,3,33.477000000000004,,,,,
2024-03-27,11.159,11.159,11.159,11.159,0,0.0,,,,,
2024-03-28,9.495,9.495,9.495,9.495,100,949.5,,,,,
2024-03-29,10.67,10.67,8.321,8.321,203,1689.163,,,,,
2024-04-01,9.495,9.495,9.495,9.495,0,0.0,,,,,
2024-04-02,8.419,8.419,8.419,8.419,100,841.9000000000001,,,,,
2024-04-03,8.419,8.419,8.419,8.419,0,0.0,,,,,
2024-04-04,9.495,9.495,9.495,9.495,100,949.5,,,,,
2024-04-05,10.67,10.67,10.67,10.67,100,1067.0,,,,,
2024-04-08,9.104,9.104,9.104,9.104,100,910.4,,,,,
2024-04-09,9.104,9.104,9.104,9.104,0,0.0,,,,,
2024-04-10,9.985,9.985,9.985,9.985,100,998.5,,,,,
2024-04-11,9.985,9.985,9.985,9.985,0,0.0,,,,,
2024-04-12,10.572,10.572,10.572,10.572,100,1057.1999999999998,,,,,
2024-04-15,10.572,10.572,10.572,10.572,0,0.0,,,,,
2024-04-16,9.104,10.474,9.104,10.474,200,2094.8,,,,,
2024-04-17,10.572,10.572,10.572,10.572,100,1057.1999999999998,,,,,
2024-04-19,10.572,10.572,10.572,10.572,0,0.0,,,,,
2024-04-22,9.104,10.474,9.104,10.474,200,2094.8,,,,,
2024-04-23,10.376,10.376,10.376,10.376,100,1037.6,,,,,
2024-04-24,10.376,10.376,10.376,10.376,0,0.0,,,,,
2024-04-25,10.376,10.376,10.376,10.376,0,0.0,,,,,
2024-04-26,10.376,10.376,10.376,10.376,0,0.0,,,,,
2024-05-02,10.376,10.376,10.376,10.376,0,0.0,,,,,
2024-05-03,10.376,10.474,10.376,10.474,200,2094.8,,,,,
2024-05-06,9.104,9.104,9.104,9.104,101,919.504,,,,,
2024-05-07,9.104,9.104,9.104,9.104,0,0.0,,,,,
2024-05-08,9.104,9.202,9.104,9.202,600,5521.2,,,,,
2024-05-09,9.104,9.397,9.104,9.397,400,3758.8,,,,,
2024-05-10,9.3,9.3,9.3,9.3,0,0.0,,,,,
2024-05-13,9.3,9.3,9.3,9.3,0,0.0,,,,,
2024-05-14,9.3,9.3,9.3,9.3,0,0.0,,,,,
2024-05-15,9.3,9.3,9.3,9.3,0,0.0,,,,,
2024-05-16,9.3,9.3,8.321,8.321,5000,41605.0,,,,,
2024-05-17,8.516,8.516,8.516,8.516,0,0.0,,,,,
2024-05-20,8.516,8.516,8.516,8.516,0,0.0,,,,,
2024-05-21,8.81,8.81,8.81,8.81,2300,20263.0,,,,,
2024-05-22,9.202,9.3,9.202,9.3,200,1860.0,,,,,
2024-05-23,9.789,9.789,9.789,9.789,100,978.9,,,,,
2024-05-24,9.3,9.3,9.3,9.3,100,930.0,,,,,
2024-05-27,9.3,9.3,9.3,9.3,0,0.0,,,,,
2024-05-28,9.3,9.3,9.3,9.3,0,0.0,,,,,
2024-05-29,9.3,9.3,9.3,9.3,0,0.0,,,,,
2024-05-30,9.3,9.3,9.3,9.3,0,0.0,,,,,
2024-05-31,10.474,10.474,10.474,10.474,100,1047.4,,,,,
2024-06-03,10.474,10.474,10.474,10.474,0,0.0,,,,,
2024-06-04,10.474,10.474,10.474,10.474,0,0.0,,,,,
2024-06-05,9.3,9.3,9.3,9.3,200,1860.0,,,,,
2024-06-06,9.3,9.3,9.3,9.3,0,0.0,,,,,
2024-06-07,9.3,9.3,9.3,9.3,600,5580.0,,,,,
2024-06-10,9.3,9.3,9.3,9.3,0,0.0,,,,,
2024-06-11,8.81,9.3,8.81,9.3,3000,27900.000000000004,,,,,
2024-06-12,9.006,9.006,9.006,9.006,101,909.606,,,,,
2024-06-13,9.006,9.006,9.006,9.006,0,0.0,,,,,
2024-06-14,9.006,9.006,9.006,9.006,0,0.0,,,,,
2024-06-17,8.223,9.3,8.027,9.3,1900,17670.0,,,,,
2024-06-18,7.831,9.3,7.831,9.3,13300,123690.0,,,,,
2024-06-19,9.104,9.104,9.006,9.006,601,5412.606,,,,,
2024-06-20,9.104,9.104,9.104,9.104,0,0.0,,,,,
2024-06-21,9.104,9.104,9.104,9.104,0,0.0,,,,,
2024-06-24,9.104,9.104,9.104,9.104,0,0.0,,,,,
2024-06-25,9.006,9.006,9.006,9.006,500,4503.0,,,,,
2024-06-26,8.81,8.81,8.81,8.81,101,889.8100000000001,,,,,
2024-06-27,8.81,8.81,8.81,8.81,0,0.0,,,,,
2024-06-28,7.929,8.712,7.831,8.712,2100,18295.2,,,,,
2024-07-01,7.929,8.712,7.929,8.712,200,1742.4,,,,,
2024-07-02,8.81,8.81,8.81,8.81,100,881.0,,,,,
2024-07-03,8.81,8.81,8.81,8.81,0,0.0,,,,,
2024-07-04,8.321,8.321,8.321,8.321,600,4992.599999999999,,,,,
2024-07-05,8.614,8.614,8.614,8.614,100,861.4000000000001,,,,,
2024-07-08,8.614,8.614,8.614,8.614,0,0.0,,,,,
2024-07-09,8.614,8.614,8.614,8.614,0,0.0,,,,,
2024-07-10,8.614,8.614,8.614,8.614,0,0.0,,,,,
2024-07-11,8.614,8.614,8.614,8.614,1,8.614,,,,,
2024-07-12,8.614,8.614,8.614,8.614,0,0.0,,,,,
2024-07-15,8.614,8.614,8.614,8.614,0,0.0,,,,,
2024-07-16,8.614,8.614,8.614,8.614,0,0.0,,,,,
2024-07-17,8.614,8.614,8.614,8.614,0,0.0,,,,,
2024-07-18,8.614,8.614,8.614,8.614,0,0.0,,,,,
2024-07-19,8.614,8.614,8.614,8.614,0,0.0,,,,,
2024-07-22,8.614,8.614,8.614,8.614,0,0.0,,,,,
2024-07-23,8.614,8.614,8.614,8.614,0,0.0,,,,,
2024-07-24,8.614,8.614,8.614,8.614,0,0.0,,,,,
2024-07-25,8.614,8.614,8.614,8.614,0,0.0,,,,,
2024-07-26,8.614,8.614,8.614,8.614,0,0.0,,,,,
2024-07-29,7.831,8.516,7.44,8.321,8600,71560.59999999999,,,,,
2024-07-30,7.831,8.614,7.44,8.614,3615,31139.610000000004,,,,,
2024-07-31,8.614,8.614,8.614,8.614,104,895.8560000000001,,,,,
2024-08-01,9.593,9.593,9.3,9.3,606,5635.8,,,,,
2024-08-02,8.027,9.691,8.027,9.691,201,1947.891,,,,,
2024-08-05,9.495,9.495,9.495,9.495,100,949.5,,,,,
2024-08-06,9.495,9.495,9.495,9.495,0,0.0,,,,,
2024-08-07,9.495,9.495,9.495,9.495,1,9.495,,,,,
2024-08-08,8.125,8.125,8.125,8.125,600,4875.0,,,,,
2024-08-09,8.908,8.908,8.908,8.908,101,899.708,,,,,
2024-08-12,7.733,7.733,7.733,7.733,104,804.232,,,,,
2024-08-13,8.712,8.712,8.712,8.712,111,967.032,,,,,
2024-08-14,9.691,9.691,9.691,9.691,149,1443.959,,,,,
2024-08-15,9.691,9.691,9.691,9.691,8,77.528,,,,,
2024-08-16,9.691,9.691,9.691,9.691,0,0.0,,,,,
2024-08-19,9.3,9.3,9.3,9.3,101,939.3,,,,,
2024-08-20,9.3,9.3,9.3,9.3,0,0.0,,,,,
2024-08-21,9.3,9.3,9.3,9.3,0,0.0,,,,,
2024-08-22,8.5,9.1,8.5,9.1,5101,46419.1,,,,,
2024-08-23,8.2,9.4,8.2,8.2,300,2460.0,,,,,
2024-08-26,8.6,8.6,8.6,8.6,7,60.2,,,,,
2024-08-27,9.6,9.6,9.6,9.6,100,960.0,,,,,
2024-08-28,8.2,8.2,8.2,8.2,110,902.0,,,,,
2024-08-29,9.3,9.3,9.3,9.3,100,930.0,,,,,
2024-08-30,9.3,9.3,9.3,9.3,0,0.0,,,,,
2024-09-04,9.3,9.3,9.3,9.3,0,0.0,,,,,
2024-09-05,9.3,9.3,9.3,9.3,0,0.0,,,,,
2024-09-06,8.1,9.1,8.0,9.1,1100,10010.0,,,,,
2024-09-09,9.0,9.0,9.0,9.0,101,909.0,,,,,
2024-09-10,7.9,7.9,7.8,7.8,800,6240.0,,,,,
2024-09-11,7.8,7.8,7.8,7.8,0,0.0,,,,,
2024-09-12,7.8,7.8,7.8,7.8,1,7.8,,,,,
2024-09-13,8.8,8.8,8.8,8.8,111,976.8,,,,,
2024-09-16,8.8,8.8,8.8,8.8,0,0.0,,,,,
2024-09-17,8.8,8.8,8.8,8.8,0,0.0,,,,,
2024-09-18,8.8,8.8,8.8,8.8,0,0.0,,,,,
2024-09-19,8.8,8.8,8.8,8.8,0,0.0,,,,,
2024-09-20,8.8,8.8,8.8,8.8,0,0.0,,,,,
2024-09-23,8.8,8.8,8.8,8.8,0,0.0,,,,,
2024-09-24,7.9,7.9,7.6,7.8,5500,42900.0,,,,,
2024-09-25,7.7,7.7,7.7,7.7,0,0.0,,,,,
2024-09-26,7.7,8.7,7.7,8.6,13802,118697.2,,,,,
2024-09-27,9.1,9.1,9.1,9.1,100,910.0,,,,,
2024-09-30,7.8,8.9,7.8,8.9,16400,145960.0,,,,,
2024-10-01,8.5,8.5,8.5,8.5,200,1700.0,,,,,
2024-10-02,7.6,9.4,7.6,9.4,13801,129729.4,,,,,
2024-10-03,9.3,9.3,8.3,8.3,300,2490.0,,,,,
2024-10-04,7.6,9.4,7.6,8.3,11300,93790.0,,,,,
2024-10-07,8.4,8.4,8.4,8.4,0,0.0,,,,,
2024-10-08,7.6,9.2,7.6,9.2,9100,83720.0,,,,,
2024-10-09,8.3,8.3,8.3,8.3,1,8.3,,,,,
2024-10-10,7.3,9.0,7.3,9.0,7400,66600.0,,,,,
2024-10-11,9.1,9.1,9.0,9.0,600,5400.0,,,,,
2024-10-14,7.7,8.9,7.7,8.9,6100,54290.0,,,,,
2024-10-15,9.0,9.0,9.0,9.0,3200,28800.0,,,,,
2024-10-16,7.7,9.3,7.7,9.3,4800,44640.0,,,,,
2024-10-17,7.4,9.1,7.2,9.1,3600,32760.0,,,,,
2024-10-18,6.7,8.4,6.7,8.4,2110,17724.0,,,,,
2024-10-21,7.8,7.8,7.8,7.8,300,2340.0,,,,,
2024-10-22,7.5,8.8,7.5,8.7,1600,13919.999999999998,,,,,
2024-10-23,9.2,9.2,9.2,9.2,100,920.0,,,,,
2024-10-24,8.1,8.1,8.0,8.0,2503,20024.0,,,,,
2024-10-25,9.1,9.1,9.1,9.1,100,910.0,,,,,
2024-10-28,9.1,9.1,9.1,9.1,1,9.1,,,,,
2024-10-29,9.1,9.1,9.1,9.1,0,0.0,,,,,
2024-10-30,9.8,9.8,9.8,9.8,100,980.0,,,,,
2024-10-31,8.4,9.4,8.4,9.3,1100,10230.0,,,,,
2024-11-01,9.1,9.1,9.1,9.1,100,910.0,,,,,
2024-11-04,9.1,9.1,9.1,9.1,0,0.0,,,,,
2024-11-05,9.1,9.1,9.1,9.1,0,0.0,,,,,
2024-11-06,9.5,9.5,9.5,9.5,100,950.0,,,,,
2024-11-07,9.5,9.5,9.5,9.5,0,0.0,,,,,
2024-11-08,9.5,9.5,9.5,9.5,105,997.5,,,,,
2024-11-11,9.5,9.5,9.5,9.5,0,0.0,,,,,
2024-11-12,8.1,9.0,8.1,9.0,800,7200.0,,,,,
2024-11-13,9.7,9.7,9.4,9.5,300,2850.0,,,,,
2024-11-14,9.5,9.5,9.5,9.5,0,0.0,,,,,
2024-11-15,9.4,9.4,8.1,9.1,2200,20020.0,,,,,
2024-11-18,9.3,9.3,9.3,9.3,0,0.0,,,,,
2024-11-19,9.3,9.3,9.3,9.3,0,0.0,,,,,
2024-11-20,9.3,9.3,9.3,9.3,1,9.3,,,,,
2024-11-21,9.0,10.5,9.0,10.5,202,2121.0,,,,,
2024-11-22,9.8,9.8,9.8,9.8,0,0.0,,,,,
2024-11-25,10.3,10.3,10.3,10.3,100,1030.0,,,,,
2024-11-26,10.3,10.3,10.3,10.3,0,0.0,,,,,
2024-11-27,10.3,10.3,10.3,10.3,0,0.0,,,,,
2024-11-28,10.3,10.3,10.3,10.3,0,0.0,,,,,
2024-11-29,10.3,10.3,10.3,10.3,0,0.0,,,,,
2024-12-02,10.3,10.3,10.3,10.3,0,0.0,,,,,
2024-12-03,10.3,10.3,10.3,10.3,0,0.0,,,,,
2024-12-04,10.3,10.3,10.3,10.3,0,0.0,,,,,
2024-12-05,10.3,10.3,10.3,10.3,0,0.0,,,,,
2024-12-06,10.3,10.3,10.3,10.3,0,0.0,,,,,
2024-12-09,10.3,10.3,10.3,10.3,0,0.0,,,,,
2024-12-10,10.3,10.3,10.3,10.3,0,0.0,,,,,
2024-12-11,10.3,10.3,10.3,10.3,0,0.0,,,,,
2024-12-12,10.3,10.3,10.3,10.3,0,0.0,,,,,
2024-12-13,10.3,10.3,10.3,10.3,0,0.0,,,,,
2024-12-16,10.3,10.3,10.3,10.3,0,0.0,,,,,
2024-12-17,10.3,10.3,10.3,10.3,0,0.0,,,,,
2024-12-18,10.3,10.3,10.3,10.3,0,0.0,,,,,
2024-12-19,10.3,10.3,10.3,10.3,0,0.0,,,,,
2024-12-20,8.8,8.8,8.8,8.8,600,5280.0,,,,,
2024-12-23,7.7,7.7,7.7,7.7,1000,7700.0,,,,,
2024-12-24,8.7,8.7,8.7,8.7,100,869.9999999999999,,,,,
2024-12-25,9.8,9.8,9.8,9.8,100,980.0,,,,,
2024-12-26,9.8,9.8,9.8,9.8,0,0.0,,,,,
2024-12-27,9.8,9.8,9.8,9.8,0,0.0,,,,,
2024-12-30,9.8,9.8,9.8,9.8,0,0.0,,,,,
2024-12-31,9.8,9.8,9.8,9.8,0,0.0,,,,,
2025-01-02,9.8,9.8,9.8,9.8,0,0.0,,,,,
2025-01-03,9.8,9.8,9.8,9.8,0,0.0,,,,,
2025-01-06,9.8,9.8,9.8,9.8,0,0.0,,,,,
2025-01-07,9.8,9.8,9.8,9.8,0,0.0,,,,,
2025-01-08,10.5,10.5,10.5,10.5,100,1050.0,,,,,
2025-01-09,10.5,10.5,10.5,10.5,0,0.0,,,,,
2025-01-10,10.5,10.5,10.5,10.5,6,63.0,,,,,
2025-01-13,10.5,10.5,10.5,10.5,0,0.0,,,,,
2025-01-14,10.5,10.5,10.5,10.5,0,0.0,,,,,
2025-01-15,10.5,10.5,10.5,10.5,0,0.0,,,,,
2025-01-16,10.5,10.5,10.5,10.5,0,0.0,,,,,
2025-01-17,10.5,10.5,10.5,10.5,0,0.0,,,,,
2025-01-20,10.5,10.5,10.5,10.5,0,0.0,,,,,
2025-01-21,10.5,10.5,10.5,10.5,0,0.0,,,,,
2025-01-22,10.5,10.5,10.5,10.5,0,0.0,,,,,
2025-01-23,10.5,10.5,10.5,10.5,0,0.0,,,,,
2025-01-24,10.5,10.5,10.5,10.5,0,0.0,,,,,
2025-02-03,10.5,10.5,10.5,10.5,0,0.0,,,,,
2025-02-04,10.5,10.5,10.5,10.5,0,0.0,,,,,
2025-02-05,10.5,10.5,10.5,10.5,0,0.0,,,,,
2025-02-06,10.5,10.5,10.5,10.5,0,0.0,,,,,
2025-02-07,10.5,10.5,10.5,10.5,0,0.0,,,,,
2025-02-10,10.5,10.5,10.5,10.5,0,0.0,,,,,
2025-02-11,10.5,10.5,10.5,10.5,0,0.0,,,,,
2025-02-12,10.5,10.5,10.5,10.5,0,0.0,,,,,
2025-02-13,10.5,10.5,10.5,10.5,0,0.0,,,,,
2025-02-14,10.5,10.5,10.5,10.5,0,0.0,,,,,
2025-02-17,10.5,10.5,10.5,10.5,0,0.0,,,,,
2025-02-18,10.5,10.5,10.5,10.5,0,0.0,,,,,
2025-02-19,9.0,9.0,9.0,9.0,200,1800.0,,,,,
2025-02-20,7.9,8.9,7.9,8.9,400,3560.0,,,,,
2025-02-21,7.9,8.0,7.9,8.0,6300,50400.0,,,,,
2025-02-24,8.0,8.0,8.0,8.0,1000,8000.0,,,,,
2025-02-25,8.0,8.0,8.0,8.0,0,0.0,,,,,
2025-02-26,7.9,7.9,7.9,7.9,400,3160.0,,,,,
2025-02-27,7.9,7.9,7.9,7.9,0,0.0,,,,,
2025-02-28,7.9,8.0,7.9,8.0,1400,11200.0,,,,,
2025-03-03,7.9,7.9,7.9,7.9,100,790.0,,,,,
2025-03-04,8.8,8.8,8.8,8.8,1700,14960.000000000002,,,,,
2025-03-05,9.7,9.7,9.7,9.7,100,970.0,,,,,
2025-03-06,9.7,9.7,9.7,9.7,0,0.0,,,,,
2025-03-07,9.7,9.7,9.7,9.7,0,0.0,,,,,
2025-03-10,10.9,10.9,10.7,10.7,200,2140.0,,,,,
2025-03-11,10.8,10.8,10.8,10.8,0,0.0,,,,,
2025-03-12,10.8,10.8,10.8,10.8,0,0.0,,,,,
2025-03-13,10.8,10.8,10.8,10.8,0,0.0,,,,,
2025-03-14,10.8,10.8,10.8,10.8,0,0.0,,,,,
2025-03-17,9.2,9.4,9.2,9.4,2800,26320.0,,,,,
2025-03-18,8.1,8.1,8.1,8.1,300,2430.0,,,,,
2025-03-19,8.2,8.2,8.0,8.0,900,7200.0,,,,,
2025-03-20,8.1,8.1,8.1,8.1,100,810.0,,,,,
2025-03-21,8.1,8.1,8.1,8.1,14,113.4,,,,,
2025-03-24,8.1,8.1,8.1,8.1,0,0.0,,,,,
2025-03-25,8.1,8.1,8.1,8.1,0,0.0,,,,,
2025-03-26,8.1,8.1,8.1,8.1,0,0.0,,,,,
2025-03-27,8.1,8.1,8.1,8.1,500,4050.0,,,,,
2025-03-28,8.1,8.1,8.1,8.1,500,4050.0,,,,,
2025-03-31,8.1,8.1,8.1,8.1,0,0.0,,,,,
2025-04-01,8.2,8.2,8.2,8.2,100,819.9999999999999,,,,,
2025-04-02,7.9,7.9,7.8,7.8,2600,20280.0,,,,,
2025-04-03,7.8,7.8,7.8,7.8,0,0.0,,,,,
2025-04-04,6.8,6.8,6.8,6.8,400,2720.0,,,,,
2025-04-08,6.8,6.8,6.8,6.8,0,0.0,,,,,
2025-04-09,6.8,6.8,6.8,6.8,0,0.0,,,,,
2025-04-10,7.7,7.8,7.7,7.8,300,2340.0,,,,,
2025-04-11,8.6,8.6,8.6,8.6,100,860.0,,,,,
2025-04-14,8.6,8.6,8.6,8.6,11,94.6,,,,,
2025-04-15,9.6,9.6,9.6,9.6,100,960.0,,,,,
2025-04-16,9.6,9.6,9.6,9.6,3,28.8,,,,,
2025-04-17,10.7,10.7,10.7,10.7,100,1070.0,,,,,
2025-04-18,10.7,10.7,10.7,10.7,0,0.0,,,,,
2025-04-21,10.7,10.7,10.7,10.7,0,0.0,,,,,
2025-04-22,10.7,10.7,10.7,10.7,0,0.0,,,,,
2025-04-23,10.7,10.7,10.7,10.7,0,0.0,,,,,
2025-04-24,11.9,11.9,9.1,9.1,1300,11830.0,,,,,
2025-04-25,10.4,10.4,10.4,10.4,100,1040.0,,,,,
2025-04-28,8.9,10.3,8.9,10.2,900,9180.0,,,,,
2025-04-29,10.3,10.3,8.0,9.9,1600,15840.0,,,,,
2025-05-05,9.4,9.4,9.3,9.3,600,5580.0,,,,,
2025-05-06,10.3,10.3,10.3,10.3,100,1030.0,,,,,
2025-05-07,10.3,10.3,10.3,10.3,0,0.0,,,,,
2025-05-08,10.3,10.3,10.3,10.3,0,0.0,,,,,
2025-05-09,10.3,10.3,10.3,10.3,0,0.0,,,,,
2025-05-12,10.3,10.3,10.3,10.3,0,0.0,,,,,
2025-05-13,11.1,11.1,11.1,11.1,100,1110.0,,,,,
2025-05-14,9.5,9.5,9.5,9.5,100,950.0,,,,,
2025-05-15,10.6,10.6,10.6,10.6,100,1060.0,,,,,
2025-05-16,10.6,10.6,10.6,10.6,0,0.0,,,,,
2025-05-19,10.6,10.6,10.6,10.6,0,0.0,,,,,
2025-05-20,10.6,10.6,10.6,10.6,0,0.0,,,,,
2025-05-21,9.1,10.2,9.1,10.2,401,4090.2,,,,,
2025-05-22,10.5,10.5,10.5,10.5,100,1050.0,,,,,
2025-05-23,10.5,10.5,10.5,10.5,0,0.0,,,,,
2025-05-26,9.0,9.5,9.0,9.5,500,4750.0,,,,,
2025-05-27,10.1,10.1,10.1,10.1,100,1010.0,,,,,
2025-05-28,10.1,10.1,10.1,10.1,0,0.0,,,,,
2025-05-29,10.1,10.1,10.1,10.1,0,0.0,,,,,
2025-05-30,9.8,9.8,9.8,9.8,50000,490000.00000000006,,,,,
2025-06-02,9.9,9.9,9.9,9.9,100,990.0,,,,,
2025-06-03,9.8,9.8,9.8,9.8,100,980.0,,,,,
2025-06-04,9.8,9.8,9.8,9.8,0,0.0,,,,,
2025-06-05,8.5,8.5,8.5,8.5,100,850.0,,,,,
2025-06-06,9.6,9.6,8.4,8.4,400,3360.0,,,,,
2025-06-09,8.7,8.7,8.7,8.7,0,0.0,,,,,
2025-06-10,9.7,9.7,9.7,9.7,100,970.0,,,,,
2025-06-11,9.7,9.7,9.7,9.7,0,0.0,,,,,
2025-06-12,9.7,9.7,9.7,9.7,0,0.0,,,,,
2025-06-13,9.7,9.7,9.7,9.7,0,0.0,,,,,
2025-06-16,9.7,9.7,9.7,9.7,0,0.0,,,,,
2025-06-17,9.7,9.7,9.7,9.7,0,0.0,,,,,
2025-06-18,9.7,9.7,9.7,9.7,0,0.0,,,,,
2025-06-19,8.4,8.4,8.4,8.4,200,1680.0,,,,,
2025-06-20,8.1,8.3,8.1,8.3,71400,592620.0,,,,,
2025-06-23,9.2,9.2,9.2,9.2,100,920.0,,,,,
2025-06-24,9.2,9.2,9.2,9.2,0,0.0,,,,,
2025-06-25,8.5,8.5,8.5,8.5,9000,76500.0,,,,,
2025-06-26,8.5,8.5,8.5,8.5,0,0.0,,,,,
2025-06-27,8.9,8.9,8.9,8.9,65000,578500.0,,,,,
2025-06-30,8.9,8.9,8.9,8.9,0,0.0,,,,,
2025-07-01,8.9,8.9,8.9,8.9,0,0.0,,,,,
2025-07-02,8.9,8.9,8.9,8.9,0,0.0,,,,,
2025-07-03,8.9,8.9,8.9,8.9,0,0.0,,,,,
2025-07-04,8.9,8.9,8.9,8.9,0,0.0,,,,,
2025-07-07,8.9,8.9,8.9,8.9,0,0.0,,,,,
2025-07-08,10.0,10.0,10.0,10.0,100,1000.0,,,,,
2025-07-09,10.0,10.0,10.0,10.0,0,0.0,,,,,
2025-07-10,10.0,10.0,10.0,10.0,0,0.0,,,,,
2025-07-11,11.2,11.2,8.5,8.5,2400,20400.0,,,,,
2025-07-14,10.0,10.0,10.0,10.0,0,0.0,,,,,
2025-07-15,8.5,8.5,8.5,8.5,5000,42500.0,,,,,
2025-07-16,8.7,8.7,8.7,8.7,200,1739.9999999999998,,,,,
2025-07-17,9.8,9.8,9.8,9.8,100,980.0,,,,,
2025-07-18,9.8,9.8,9.8,9.8,0,0.0,,,,,
2025-07-21,9.8,9.8,9.8,9.8,0,0.0,,,,,
2025-07-22,9.8,9.8,9.8,9.8,0,0.0,,,,,
2025-07-23,9.8,9.8,9.8,9.8,0,0.0,,,,,
2025-07-24,9.8,9.8,9.8,9.8,0,0.0,,,,,
2025-07-25,9.8,9.8,9.8,9.8,0,0.0,,,,,
2025-07-28,10.9,10.9,10.9,10.9,100,1090.0,,,,,
2025-07-29,10.9,10.9,10.9,10.9,0,0.0,,,,,
2025-07-30,10.9,10.9,10.9,10.9,0,0.0,,,,,
2025-07-31,10.9,10.9,10.9,10.9,1,10.9,,,,,
2025-08-01,10.9,10.9,10.9,10.9,0,0.0,,,,,
2025-08-04,10.9,10.9,10.9,10.9,1,10.9,,,,,
2025-08-05,10.9,10.9,10.9,10.9,0,0.0,,,,,
2025-08-06,10.9,10.9,10.9,10.9,0,0.0,,,,,
2025-08-07,10.9,10.9,10.9,10.9,0,0.0,,,,,
2025-08-08,10.9,10.9,10.9,10.9,2,21.8,,,,,
2025-08-11,9.3,9.3,9.3,9.3,2000,18600.0,,,,,
2025-08-12,8.0,10.0,8.0,9.0,1800,16200.0,,,,,
2025-08-13,8.1,9.4,8.1,9.4,5100,47940.0,,,,,
2025-08-14,9.2,9.2,9.2,9.2,100,920.0,,,,,
2025-08-15,9.2,9.2,9.2,9.2,0,0.0,,,,,
2025-08-18,9.2,9.2,9.2,9.2,0,0.0,,,,,
2025-08-19,10.1,10.1,10.1,10.1,100,1010.0,,,,,
2025-08-20,8.6,8.6,8.6,8.6,100,860.0,,,,,
2025-08-21,8.9,8.9,8.9,8.9,402,3577.8,,,,,
2025-08-22,8.9,8.9,8.9,8.9,0,0.0,,,,,
2025-08-25,8.9,8.9,8.9,8.9,0,0.0,,,,,
2025-08-26,8.9,8.9,8.9,8.9,0,0.0,,,,,
2025-08-27,8.9,8.9,8.9,8.9,0,0.0,,,,,
2025-08-28,8.9,8.9,8.9,8.9,0,0.0,,,,,
2025-08-29,8.9,8.9,8.9,8.9,0,0.0,,,,,
2025-09-03,8.9,8.9,8.9,8.9,0,0.0,,,,,
2025-09-04,8.9,8.9,8.9,8.9,0,0.0,,,,,
2025-09-05,8.1,8.1,8.1,8.1,11701,94778.1,,,,,
2025-09-08,7.2,8.9,7.2,8.9,21700,193130.0,,,,,
2025-09-09,8.5,8.6,8.5,8.6,1500,12900.0,,,,,
2025-09-10,8.6,9.1,8.5,9.1,5200,47320.0,,,,,
2025-09-11,10.0,10.0,8.1,8.1,200,1620.0,,,,,
2025-09-12,9.1,9.1,9.1,9.1,0,0.0,,,,,
2025-09-15,8.6,9.1,8.6,9.1,500,4550.0,,,,,
2025-09-16,9.0,9.0,8.3,8.4,4400,36960.0,,,,,
2025-09-17,8.5,8.6,8.4,8.6,400,3440.0,,,,,
2025-09-18,8.4,8.4,8.4,8.4,200,1680.0,,,,,
2025-09-19,9.4,9.4,9.4,9.4,100,940.0,,,,,
2025-09-22,9.4,9.4,9.4,9.4,0,0.0,,,,,
2025-09-23,9.4,9.4,9.4,9.4,0,0.0,,,,,
2025-09-24,9.4,9.4,9.4,9.4,0,0.0,,,,,
2025-09-25,9.4,9.4,9.4,9.4,0,0.0,,,,,
2025-09-26,8.5,8.5,8.5,8.5,100,850.0,,,,,
2025-09-29,8.6,9.2,8.6,9.2,10100,92920.0,,,,,
2025-09-30,9.1,9.1,9.0,9.0,24700,222300.0,,,,,
2025-10-01,9.3,9.3,9.3,9.3,100,930.0,,,,,
2025-10-02,9.3,9.3,9.3,9.3,0,0.0,,,,,
2025-10-03,9.2,9.2,9.2,9.2,4700,43240.0,,,,,
2025-10-06,9.2,9.2,9.2,9.2,0,0.0,,,,,
2025-10-07,8.1,8.1,8.1,8.1,3500,28350.0,,,,,
2025-10-08,9.1,9.1,9.1,9.1,100,910.0,,,,,
2025-10-09,9.8,9.8,8.2,8.3,2300,19090.0,0.0,0.0,0.0,0.0,-1070.0
2025-10-10,8.8,8.8,8.8,8.8,800,7040.000000000001,0.0,0.0,0.0,0.0,-1070.0
2025-10-13,,0.0,0.0,0.0,0,0.0,0.0,0.0,0.0,0.0,-1070.0
2025-10-14,,0.0,0.0,0.0,0,0.0,0.0,0.0,0.0,0.0,-1070.0
2025-10-15,,0.0,0.0,0.0,0,0.0,0.0,0.0,0.0,0.0,-1070.0
2025-10-16,,0.0,0.0,0.0,0,0.0,0.0,0.0,0.0,0.0,-1070.0
2025-10-17,,0.0,0.0,0.0,0,0.0,0.0,0.0,0.0,0.0,-1070.0
2025-10-20,8.7,8.7,8.7,8.7,1000,8700.0,0.0,0.0,0.0,0.0,-1070.0
2025-10-21,,0.0,0.0,0.0,0,0.0,0.0,0.0,0.0,0.0,-1070.0
2025-10-22,,0.0,0.0,0.0,0,0.0,0.0,0.0,0.0,0.0,-1070.0
2025-10-23,8.7,8.7,8.7,8.7,100,869.9999999999999,0.0,0.0,0.0,0.0,-1070.0
2025-10-24,8.5,8.5,8.5,8.5,100,850.0,0.0,0.0,0.0,0.0,-1070.0
2025-10-27,,0.0,0.0,0.0,0,0.0,0.0,0.0,0.0,0.0,-1070.0
2025-10-28,8.6,9.0,8.5,9.0,2600,23400.0,0.0,0.0,0.0,0.0,-1070.0
2025-10-29,,0.0,0.0,0.0,0,0.0,0.0,0.0,0.0,0.0,-1070.0
2025-10-30,,0.0,0.0,0.0,0,0.0,0.0,0.0,0.0,0.0,-1070.0
2025-10-31,,0.0,0.0,0.0,0,0.0,0.0,0.0,0.0,0.0,-1070.0
2025-11-03,8.8,8.8,8.8,8.8,200,1760.0000000000002,0.0,0.0,0.0,0.0,-1070.0
2025-11-04,,0.0,0.0,0.0,0,0.0,0.0,0.0,0.0,0.0,-1070.0
2025-11-05,,0.0,0.0,0.0,0,0.0,0.0,0.0,0.0,0.0,-1070.0
2025-11-06,,0.0,0.0,0.0,0,0.0,0.0,0.0,0.0,0.0,-1070.0
2025-11-07,,0.0,0.0,0.0,0,0.0,0.0,0.0,0.0,0.0,-1070.0
2025-11-10,,0.0,0.0,0.0,0,0.0,0.0,0.0,0.0,0.0,-1070.0
2025-11-11,,0.0,0.0,0.0,0,0.0,0.0,0.0,0.0,0.0,0.0
2025-11-12,8.1,8.1,8.0,8.0,1000,8000.0,0.0,0.0,0.0,0.0,-1070.0
2025-11-14,,0.0,0.0,0.0,0,0.0,0.0,0.0,0.0,0.0,-1070.0
2025-11-17,8.1,8.1,8.1,8.1,500,4050.0,0.0,0.0,0.0,0.0,-1070.0
2025-11-18,,0.0,0.0,0.0,0,0.0,0.0,0.0,0.0,0.0,-1070.0
2025-11-19,,0.0,0.0,0.0,0,0.0,0.0,0.0,0.0,0.0,-1070.0
2025-11-20,8.1,8.1,8.1,8.1,100,810.0,0.0,0.0,0.0,0.0,-1070.0
2025-11-25,8.1,8.1,8.1,8.1,100,810.0,0.0,0.0,0.0,0.0,-1070.0
2025-11-26,8.1,8.1,8.1,8.1,2000,16200.0,0.0,0.0,0.0,0.0,-1070.0
2025-11-27,8.1,8.1,8.1,8.1,2000,16200.0,0.0,0.0,0.0,0.0,-1070.0
2025-11-28,8.1,8.1,8.1,8.1,1200,9720.0,0.0,0.0,0.0,0.0,-1070.0
2025-12-01,,0.0,0.0,0.0,0,0.0,0.0,0.0,0.0,0.0,-1070.0
2025-12-02,8.1,8.1,8.0,8.0,1100,8800.0,0.0,0.0,0.0,0.0,-1070.0
2025-12-03,,0.0,0.0,0.0,0,0.0,0.0,0.0,0.0,0.0,-1070.0
2025-12-04,,0.0,0.0,0.0,0,0.0,0.0,0.0,0.0,0.0,-1070.0
2025-12-05,,0.0,0.0,0.0,0,0.0,0.0,0.0,0.0,0.0,-1070.0
2025-12-08,,0.0,0.0,0.0,0,0.0,0.0,0.0,0.0,0.0,-1070.0
2025-12-10,,0.0,0.0,0.0,0,0.0,0.0,0.0,0.0,0.0,-1070.0
2025-12-11,9.2,9.2,9.2,9.2,100,920.0,0.0,0.0,0.0,0.0,-1070.0
2025-12-12,,0.0,0.0,0.0,0,0.0,0.0,0.0,0.0,0.0,-1070.0
2025-12-15,,0.0,0.0,0.0,0,0.0,0.0,0.0,0.0,0.0,-1070.0
2025-12-23,,0.0,0.0,0.0,0,0.0,0.0,0.0,0.0,0.0,-1070.0
2025-12-24,,0.0,0.0,0.0,0,0.0,0.0,0.0,0.0,0.0,-1070.0
2025-12-25,,0.0,0.0,0.0,0,0.0,0.0,0.0,0.0,0.0,-1070.0
2025-12-26,,0.0,0.0,0.0,0,0.0,0.0,0.0,0.0,0.0,-1070.0
2025-12-29,,0.0,0.0,0.0,0,0.0,0.0,0.0,0.0,0.0,-1070.0
2025-12-30,,0.0,0.0,0.0,0,0.0,0.0,0.0,0.0,0.0,-1070.0
2025-12-31,,0.0,0.0,0.0,0,0.0,0.0,0.0,0.0,0.0,-1070.0
2026-01-05,8.5,8.5,8.5,8.5,100,850.0,0.0,0.0,0.0,0.0,-1070.0
2026-01-06,,0.0,0.0,0.0,0,0.0,0.0,0.0,0.0,0.0,-1070.0
2026-01-08,9.0,9.0,9.0,9.0,100,900.0,0.0,0.0,0.0,0.0,-1070.0
2026-01-09,9.0,9.0,9.0,9.0,400,3600.0,0.0,10.0,0.0,900.0,-1070.0
2026-01-12,9.5,9.5,9.0,9.0,1700,15300.0,0.0,0.0,0.0,0.0,-1070.0
2026-01-13,9.0,9.0,9.0,9.0,200,1800.0,0.0,0.0,0.0,0.0,-1070.0
2026-01-14,8.5,9.5,8.5,9.5,1000,9500.0,0.0,0.0,0.0,0.0,-1060.0
2026-01-15,,0.0,0.0,0.0,0,0.0,0.0,0.0,0.0,0.0,-1060.0
2026-01-16,9.5,9.5,9.5,9.5,500,4750.0,0.0,0.0,0.0,0.0,0.0
2026-01-19,9.0,9.0,9.0,9.0,500,4500.0,0.0,0.0,0.0,0.0,-1060.0
2026-01-20,9.0,9.0,9.0,9.0,200,1800.0,0.0,0.0,0.0,0.0,-1060.0
2026-01-21,9.0,9.0,9.0,9.0,500,4500.0,0.0,0.0,0.0,0.0,-1060.0
2026-01-22,,0.0,0.0,0.0,0,0.0,0.0,0.0,0.0,0.0,-1060.0
2026-01-26,9.3,9.4,9.3,9.4,700,6580.0,0.0,0.0,0.0,0.0,-1060.0
2026-01-27,,0.0,0.0,0.0,0,0.0,0.0,0.0,0.0,0.0,-1060.0
2026-01-28,9.2,9.2,9.2,9.2,100,920.0,0.0,0.0,0.0,0.0,-1060.0
2026-01-29,8.5,8.5,8.5,8.5,500,4250.0,0.0,0.0,0.0,0.0,-1060.0
2026-01-30,,0.0,0.0,0.0,0,0.0,0.0,0.0,0.0,0.0,-1060.0
2026-02-03,8.5,8.5,8.5,8.5,500,4250.0,0,0,0.0,0.0,-1060.00
