time,open,high,low,close,volume,value
2013-01-02 00:00:00,5.92,5.92,5.84,5.92,910810,5391995.2
2013-01-03 00:00:00,5.84,6.0,5.68,5.68,1619910,9201088.799999999
2013-01-04 00:00:00,5.6,5.84,5.6,5.68,910850,5173628.0
2013-01-07 00:00:00,5.84,5.92,5.52,5.52,1063140,5868532.8
2013-01-08 00:00:00,5.52,5.68,5.52,5.6,661710,3705575.9999999995
2013-01-09 00:00:00,5.6,5.84,5.36,5.36,1644500,8814520.0
2013-01-10 00:00:00,5.36,5.52,5.28,5.52,474090,2616976.8
2013-01-11 00:00:00,5.6,5.68,5.44,5.52,658200,3633263.9999999995
2013-01-14 00:00:00,5.52,5.76,5.36,5.76,1575580,9075340.799999999
2013-01-15 00:00:00,6.0,6.16,5.92,6.08,1158970,7046537.6
2013-01-16 00:00:00,6.08,6.24,5.92,6.0,1090340,6542040.0
2013-01-17 00:00:00,5.76,6.0,5.6,5.68,1309200,7436256.0
2013-01-18 00:00:00,5.68,5.76,5.52,5.52,748190,4130008.8
2013-01-21 00:00:00,5.68,5.84,5.6,5.68,1168980,6639806.399999999
2013-01-22 00:00:00,5.68,5.76,5.44,5.44,745010,4052854.4000000004
2013-01-23 00:00:00,5.52,5.6,5.28,5.44,304880,1658547.2000000002
2013-01-24 00:00:00,5.44,5.6,5.36,5.52,648280,3578505.5999999996
2013-01-25 00:00:00,5.6,5.76,5.52,5.68,1369290,7777567.199999999
2013-01-28 00:00:00,5.76,5.84,5.6,5.6,1382570,7742391.999999999
2013-01-29 00:00:00,5.6,5.92,5.6,5.76,1363010,7850937.6
2013-01-30 00:00:00,5.84,6.16,5.84,6.16,1581400,9741424.0
2013-01-31 00:00:00,6.48,6.56,6.32,6.56,1858910,12194449.6
2013-02-01 00:00:00,6.64,6.88,6.32,6.4,2339310,14971584.0
2013-02-04 00:00:00,6.4,6.4,6.16,6.24,890760,5558342.4
2013-02-05 00:00:00,6.08,6.32,6.0,6.08,906550,5511824.0
2013-02-06 00:00:00,6.08,6.4,6.08,6.4,780580,4995712.0
2013-02-07 00:00:00,6.48,6.48,6.24,6.4,1186700,7594880.0
2013-02-08 00:00:00,6.4,6.64,6.32,6.48,743390,4817167.2
2013-02-18 00:00:00,6.72,6.88,6.64,6.88,760160,5229900.8
2013-02-19 00:00:00,6.96,7.2,6.64,6.64,1944260,12909886.399999999
2013-02-20 00:00:00,6.64,7.04,6.56,6.8,1257030,8547804.0
2013-02-21 00:00:00,6.88,7.04,6.4,6.4,1423380,9109632.0
2013-02-22 00:00:00,6.56,6.64,6.0,6.16,1537820,9472971.200000001
2013-02-25 00:00:00,6.32,6.32,6.08,6.16,455420,2805387.2
2013-02-26 00:00:00,6.08,6.16,5.76,5.76,687640,3960806.4
2013-02-27 00:00:00,5.6,5.76,5.36,5.68,757550,4302884.0
2013-02-28 00:00:00,5.76,5.84,5.68,5.68,600300,3409704.0
2013-03-01 00:00:00,5.76,5.92,5.68,5.76,367980,2119564.8
2013-03-04 00:00:00,5.76,5.76,5.44,5.44,585790,3186697.6
2013-03-05 00:00:00,5.36,5.36,5.2,5.2,548590,2852668.0
2013-03-06 00:00:00,5.36,5.52,5.28,5.52,393950,2174604.0
2013-03-07 00:00:00,5.52,5.52,5.28,5.28,437110,2307940.8000000003
2013-03-08 00:00:00,5.36,5.6,5.36,5.6,613010,3432856.0
2013-03-11 00:00:00,5.76,5.92,5.6,5.92,723440,4282764.8
2013-03-12 00:00:00,5.92,5.92,5.6,5.68,854670,4854525.6
2013-03-13 00:00:00,5.76,5.84,5.52,5.52,719300,3970535.9999999995
2013-03-14 00:00:00,5.52,5.68,5.44,5.52,420010,2318455.1999999997
2013-03-15 00:00:00,5.6,5.76,5.6,5.68,408950,2322836.0
2013-03-18 00:00:00,5.6,5.76,5.52,5.52,445000,2456400.0
2013-03-19 00:00:00,5.52,5.6,5.44,5.6,290080,1624448.0
2013-03-20 00:00:00,5.6,5.68,5.52,5.6,212410,1189496.0
2013-03-21 00:00:00,5.68,5.76,5.52,5.6,416890,2334584.0
2013-03-22 00:00:00,5.6,5.6,5.36,5.44,438050,2382992.0
2013-03-25 00:00:00,5.44,5.52,5.36,5.36,137980,739572.8
2013-03-26 00:00:00,5.44,5.6,5.36,5.36,261360,1400889.6
2013-03-27 00:00:00,5.44,5.44,5.36,5.36,163720,877539.2000000001
2013-03-28 00:00:00,5.36,5.44,5.28,5.36,163830,878128.8
2013-03-29 00:00:00,5.28,5.28,5.12,5.28,564630,2981246.4000000004
2013-04-01 01:00:00,5.28,5.44,5.12,5.44,354320,1927500.8
2013-04-02 01:00:00,5.44,5.6,5.36,5.36,639280,3426540.8000000003
2013-04-03 01:00:00,5.28,5.36,5.2,5.28,338630,1787966.4000000001
2013-04-04 01:00:00,5.2,5.36,5.2,5.2,239890,1247428.0
2013-04-05 01:00:00,5.28,5.36,5.12,5.36,394550,2114788.0
2013-04-08 01:00:00,5.44,5.44,5.28,5.28,235400,1242912.0
2013-04-09 01:00:00,5.28,5.44,5.2,5.36,353170,1892991.2000000002
2013-04-10 01:00:00,5.28,5.36,5.2,5.2,290190,1508988.0
2013-04-11 01:00:00,5.12,5.44,5.12,5.2,431900,2245880.0
2013-04-12 01:00:00,5.12,5.28,4.96,5.12,276550,1415936.0
2013-04-15 01:00:00,5.04,5.04,4.88,4.96,419310,2079777.6
2013-04-16 01:00:00,4.96,4.96,4.8,4.88,429820,2097521.6
2013-04-17 01:00:00,4.96,4.96,4.8,4.88,141460,690324.7999999999
2013-04-18 01:00:00,4.88,4.88,4.64,4.64,213670,991428.7999999999
2013-04-22 01:00:00,4.8,4.8,4.48,4.48,174210,780460.8
2013-04-23 01:00:00,4.56,4.64,4.56,4.56,129200,589152.0
2013-04-24 01:00:00,4.8,4.8,4.8,4.8,168320,807936.0
2013-04-25 01:00:00,5.12,5.12,5.04,5.12,1328500,6801920.0
2013-04-26 01:00:00,5.04,5.12,4.96,4.96,220100,1091696.0
2013-05-02 01:00:00,4.96,5.04,4.8,4.8,212250,1018800.0
2013-05-03 01:00:00,4.8,4.96,4.72,4.88,186540,910315.2
2013-05-06 01:00:00,5.04,5.2,4.96,5.2,332690,1729988.0
2013-05-07 01:00:00,5.12,5.2,4.96,4.96,345350,1712936.0
2013-05-08 01:00:00,5.04,5.12,4.96,4.96,226030,1121108.8
2013-05-09 01:00:00,4.96,5.12,4.96,5.04,239860,1208894.4
2013-05-10 01:00:00,5.04,5.12,4.96,4.96,113910,564993.6
2013-05-13 01:00:00,5.04,5.12,4.96,4.96,168390,835214.4
2013-05-14 01:00:00,4.96,4.96,4.8,4.88,496160,2421260.8
2013-05-15 01:00:00,4.88,4.96,4.88,4.96,143320,710867.2
2013-05-16 01:00:00,4.96,5.12,4.96,4.96,466840,2315526.4
2013-05-17 01:00:00,5.04,5.28,5.04,5.12,1145410,5864499.2
2013-05-20 01:00:00,5.12,5.36,5.12,5.28,555210,2931508.8000000003
2013-05-21 01:00:00,5.28,5.52,5.28,5.36,772610,4141189.6
2013-05-22 01:00:00,5.36,5.36,5.2,5.2,535190,2782988.0
2013-05-23 01:00:00,5.2,5.36,5.2,5.2,523990,2724748.0
2013-05-24 01:00:00,5.2,5.36,5.2,5.2,347520,1807104.0
2013-05-27 01:00:00,5.36,5.52,5.28,5.44,1272890,6924521.600000001
2013-05-28 01:00:00,5.52,5.6,5.44,5.44,473470,2575676.8000000003
2013-05-29 01:00:00,5.52,5.68,5.28,5.36,769780,4126020.8000000003
2013-05-30 01:00:00,5.36,5.44,5.28,5.44,465530,2532483.2
2013-05-31 01:00:00,5.52,5.6,5.36,5.36,654070,3505815.2
2013-06-03 01:00:00,5.28,5.52,5.28,5.36,423600,2270496.0
2013-06-04 01:00:00,5.44,5.44,5.2,5.2,393930,2048436.0
2013-06-05 01:00:00,5.2,5.28,5.12,5.28,238690,1260283.2
2013-06-06 01:00:00,5.28,5.44,5.2,5.28,361600,1909248.0
2013-06-07 01:00:00,5.36,5.36,5.28,5.36,381590,2045322.4000000001
2013-06-10 01:00:00,5.36,5.44,5.28,5.28,481820,2544009.6
2013-06-11 01:00:00,5.36,5.36,5.2,5.28,240700,1270896.0
2013-06-12 01:00:00,5.28,5.36,5.2,5.28,235520,1243545.6
2013-06-13 01:00:00,5.2,5.6,5.2,5.52,869310,4798591.199999999
2013-06-14 01:00:00,5.52,5.52,5.36,5.36,264960,1420185.6
2013-06-17 01:00:00,5.36,5.36,5.12,5.2,247460,1286792.0
2013-06-18 01:00:00,5.12,5.2,5.04,5.12,312220,1598566.4000000001
2013-06-19 01:00:00,5.12,5.2,5.12,5.12,392100,2007552.0
2013-06-20 01:00:00,5.12,5.12,5.04,5.04,176510,889610.4
2013-06-21 01:00:00,5.04,5.2,4.96,5.2,216850,1127620.0
2013-06-24 01:00:00,5.12,5.2,5.04,5.04,126730,638719.2
2013-06-25 01:00:00,5.04,5.04,4.72,4.88,613410,2993440.8
2013-06-26 01:00:00,4.96,5.04,4.88,4.96,362960,1800281.6
2013-06-27 01:00:00,5.04,5.28,5.04,5.2,839920,4367584.0
2013-06-28 01:00:00,5.28,5.28,5.12,5.12,387100,1981952.0
2013-07-01 01:00:00,5.12,5.12,5.04,5.12,254860,1304883.2
2013-07-02 01:00:00,5.12,5.28,5.12,5.2,563780,2931656.0
2013-07-03 01:00:00,5.2,5.28,5.12,5.28,302000,1594560.0
2013-07-04 01:00:00,5.2,5.36,5.2,5.28,246120,1299513.6
2013-07-05 01:00:00,5.28,5.36,5.12,5.28,305820,1614729.6
2013-07-08 01:00:00,5.2,5.28,5.2,5.2,232200,1207440.0
2013-07-09 01:00:00,5.2,5.2,5.2,5.2,134160,697632.0
2013-07-10 01:00:00,5.2,5.28,5.12,5.12,97590,499660.8
2013-07-11 01:00:00,5.12,5.28,5.12,5.2,231640,1204528.0
2013-07-12 01:00:00,5.28,5.36,5.2,5.36,207340,1111342.4000000001
2013-07-15 01:00:00,5.36,5.36,5.28,5.28,114830,606302.4
2013-07-16 01:00:00,5.2,5.28,5.2,5.28,274790,1450891.2
2013-07-17 01:00:00,5.2,5.28,5.12,5.2,607840,3160768.0
2013-07-18 01:00:00,5.12,5.2,5.04,5.04,230550,1161972.0
2013-07-19 01:00:00,5.12,5.12,5.04,5.04,293970,1481608.8
2013-07-22 01:00:00,5.12,5.12,4.88,4.88,347830,1697410.4
2013-07-23 01:00:00,4.96,5.04,4.88,4.96,78000,386880.0
2013-07-24 01:00:00,4.88,4.96,4.8,4.96,272380,1351004.8
2013-07-25 01:00:00,4.88,4.96,4.8,4.96,250660,1243273.6
2013-07-26 01:00:00,4.8,4.88,4.72,4.8,159510,765648.0
2013-07-29 01:00:00,4.8,4.8,4.64,4.64,116440,540281.6
2013-07-30 01:00:00,4.56,4.72,4.56,4.56,188770,860791.2
2013-07-31 01:00:00,4.56,4.8,4.48,4.8,220880,1060224.0
2013-08-01 01:00:00,4.8,4.96,4.72,4.96,239910,1189953.6
2013-08-02 01:00:00,4.88,4.88,4.72,4.8,113720,545856.0
2013-08-05 01:00:00,4.72,4.72,4.64,4.72,75780,357681.6
2013-08-06 01:00:00,4.72,4.8,4.64,4.64,166700,773488.0
2013-08-07 01:00:00,4.72,4.8,4.64,4.8,133510,640848.0
2013-08-08 01:00:00,4.8,4.8,4.56,4.56,203100,926135.9999999999
2013-08-09 01:00:00,4.64,4.64,4.56,4.56,166840,760790.3999999999
2013-08-12 01:00:00,4.48,4.56,4.48,4.56,151610,691341.6
2013-08-13 01:00:00,4.48,4.64,4.48,4.56,182550,832427.9999999999
2013-08-14 01:00:00,4.48,4.56,4.4,4.56,92010,419565.6
2013-08-15 01:00:00,4.48,4.72,4.48,4.72,336870,1590026.4
2013-08-16 01:00:00,4.56,4.8,4.56,4.56,175300,799367.9999999999
2013-08-19 01:00:00,4.64,4.8,4.64,4.8,517820,2485536.0
2013-08-20 01:00:00,4.96,5.12,4.88,5.12,1335720,6838886.4
2013-08-21 01:00:00,5.12,5.12,4.88,4.96,457160,2267513.6
2013-08-22 01:00:00,4.96,5.04,4.72,4.88,297410,1451360.8
2013-08-23 01:00:00,4.8,4.88,4.64,4.64,218220,1012540.7999999999
2013-08-26 01:00:00,4.72,4.88,4.56,4.88,259650,1267092.0
2013-08-27 01:00:00,4.72,4.8,4.64,4.72,109430,516509.6
2013-08-28 01:00:00,4.64,4.72,4.48,4.56,346920,1581955.2
2013-08-29 01:00:00,4.56,4.64,4.56,4.56,173350,790475.9999999999
2013-08-30 01:00:00,4.56,4.72,4.56,4.64,167140,775529.6
2013-09-03 01:00:00,4.72,4.72,4.56,4.56,169220,771643.2
2013-09-04 01:00:00,4.56,4.64,4.56,4.56,259480,1183228.7999999998
2013-09-05 01:00:00,4.56,4.64,4.48,4.64,399820,1855164.7999999998
2013-09-06 01:00:00,4.48,4.56,4.48,4.48,453530,2031814.4000000001
2013-09-09 01:00:00,4.4,4.4,4.24,4.24,193740,821457.6000000001
2013-09-10 01:00:00,4.24,4.32,4.24,4.32,100890,435844.80000000005
2013-09-11 01:00:00,4.4,4.4,4.24,4.32,76210,329227.2
2013-09-12 01:00:00,4.24,4.32,4.24,4.24,204090,865341.6000000001
2013-09-13 01:00:00,4.32,4.32,4.16,4.24,142140,602673.6
2013-09-16 01:00:00,4.24,4.32,4.16,4.24,154230,653935.2000000001
2013-09-17 01:00:00,4.16,4.16,4.0,4.0,566950,2267800.0
2013-09-18 01:00:00,3.92,3.92,3.76,3.76,261170,981999.2
2013-09-19 01:00:00,3.68,3.84,3.6,3.6,334670,1204812.0
2013-09-20 01:00:00,3.68,3.84,3.68,3.76,306810,1153605.5999999999
2013-09-23 01:00:00,3.84,3.84,3.76,3.84,168150,645696.0
2013-09-24 01:00:00,3.92,4.08,3.84,4.08,459810,1876024.8
2013-09-25 01:00:00,4.08,4.32,4.0,4.16,819800,3410368.0
2013-09-26 01:00:00,4.24,4.32,4.16,4.32,265000,1144800.0
2013-09-27 01:00:00,4.24,4.32,4.08,4.08,373000,1521840.0
2013-09-30 01:00:00,4.16,4.24,4.08,4.16,200910,835785.6
2013-10-01 01:00:00,4.16,4.24,4.08,4.08,335210,1367656.8
2013-10-02 01:00:00,4.08,4.32,4.08,4.32,724450,3129624.0
2013-10-03 01:00:00,4.32,4.4,4.16,4.24,188870,800808.8
2013-10-04 01:00:00,4.24,4.32,4.16,4.24,213830,906639.2000000001
2013-10-07 01:00:00,4.24,4.48,4.24,4.32,469850,2029752.0000000002
2013-10-08 01:00:00,4.32,4.4,4.24,4.24,479400,2032656.0
2013-10-09 01:00:00,4.24,4.32,4.16,4.16,249080,1036172.8
2013-10-10 01:00:00,4.16,4.32,4.08,4.16,173570,722051.2000000001
2013-10-11 01:00:00,4.16,4.16,4.08,4.08,255610,1042888.8
2013-10-14 01:00:00,4.08,4.08,3.92,4.0,351050,1404200.0
2013-10-15 01:00:00,4.0,4.16,4.0,4.08,277870,1133709.6
2013-10-16 01:00:00,4.16,4.16,4.08,4.16,256870,1068579.2
2013-10-17 01:00:00,4.08,4.16,4.0,4.08,569860,2325028.8
2013-10-18 01:00:00,4.08,4.16,4.0,4.08,138710,565936.8
2013-10-21 01:00:00,4.16,4.24,4.08,4.16,301130,1252700.8
2013-10-22 01:00:00,4.16,4.16,4.08,4.08,267010,1089400.8
2013-10-23 01:00:00,4.08,4.32,4.08,4.24,579590,2457461.6
2013-10-24 01:00:00,4.24,4.4,4.16,4.4,724180,3186392.0000000005
2013-10-25 01:00:00,4.32,4.4,4.24,4.32,186580,806025.6000000001
2013-10-28 00:00:00,4.24,4.32,4.16,4.16,208660,868025.6
2013-10-29 00:00:00,4.16,4.24,4.16,4.24,210510,892562.4
2013-10-30 00:00:00,4.24,4.4,4.24,4.24,159360,675686.4
2013-10-31 00:00:00,4.24,4.32,4.16,4.16,200350,833456.0
2013-11-01 00:00:00,4.16,4.24,4.08,4.16,227200,945152.0
2013-11-04 00:00:00,4.24,4.4,4.24,4.32,390620,1687478.4000000001
2013-11-05 00:00:00,4.32,4.56,4.32,4.48,723770,3242489.6
2013-11-06 00:00:00,4.48,4.64,4.4,4.4,423180,1861992.0000000002
2013-11-07 00:00:00,4.48,4.64,4.4,4.48,584340,2617843.2
2013-11-08 00:00:00,4.4,4.56,4.4,4.56,300190,1368866.4
2013-11-11 00:00:00,4.48,4.8,4.48,4.64,436920,2027308.7999999998
2013-11-12 00:00:00,4.64,4.8,4.48,4.56,507850,2315796.0
2013-11-13 00:00:00,4.56,4.56,4.4,4.48,241060,1079948.8
2013-11-14 00:00:00,4.48,4.56,4.4,4.48,294700,1320256.0000000002
2013-11-15 00:00:00,4.48,4.56,4.4,4.56,183000,834479.9999999999
2013-11-18 00:00:00,4.64,4.72,4.56,4.64,504300,2339952.0
2013-11-19 00:00:00,4.64,4.8,4.64,4.72,465950,2199284.0
2013-11-20 00:00:00,4.8,5.04,4.72,5.04,893080,4501123.2
2013-11-21 00:00:00,5.28,5.36,4.96,4.96,2156390,10695694.4
2013-11-22 00:00:00,5.04,5.28,5.04,5.28,896090,4731355.2
2013-11-25 00:00:00,5.36,5.36,5.2,5.28,709190,3744523.2
2013-11-26 00:00:00,5.12,5.28,5.04,5.12,633890,3245516.8000000003
2013-11-27 00:00:00,5.2,5.36,5.12,5.2,683000,3551600.0
2013-11-28 00:00:00,5.12,5.28,5.12,5.2,427360,2222272.0
2013-11-29 00:00:00,5.2,5.2,5.04,5.12,298800,1529856.0
2013-12-02 00:00:00,5.04,5.36,5.04,5.28,884010,4667572.8
2013-12-03 00:00:00,5.28,5.44,5.2,5.28,707250,3734280.0
2013-12-04 00:00:00,5.44,5.6,5.44,5.6,2128580,11920048.0
2013-12-05 00:00:00,5.6,5.84,5.52,5.68,617290,3506207.1999999997
2013-12-06 00:00:00,5.6,5.68,5.52,5.6,369420,2068751.9999999998
2013-12-09 00:00:00,5.76,5.92,5.68,5.76,1120730,6455404.8
2013-12-10 00:00:00,5.76,5.76,5.52,5.76,540790,3114950.4
2013-12-11 00:00:00,5.68,5.68,5.36,5.36,813310,4359341.600000001
2013-12-12 00:00:00,5.28,5.52,5.2,5.52,568570,3138506.4
2013-12-13 00:00:00,5.6,5.76,5.44,5.6,794710,4450376.0
2013-12-16 00:00:00,5.68,5.68,5.52,5.52,394610,2178247.1999999997
2013-12-17 00:00:00,5.52,5.6,5.52,5.52,491310,2712031.1999999997
2013-12-18 00:00:00,5.52,5.52,5.44,5.52,644470,3557474.4
2013-12-19 00:00:00,5.52,5.68,5.52,5.6,1096280,6139168.0
2013-12-20 00:00:00,5.9,5.9,5.9,5.9,357650,2110135.0
2013-12-23 00:00:00,6.3,6.3,6.1,6.2,1150230,7131426.0
2013-12-24 00:00:00,6.2,6.2,6.0,6.1,582620,3553982.0
2013-12-25 00:00:00,6.0,6.1,5.9,6.0,396520,2379120.0
2013-12-26 00:00:00,6.0,6.0,5.9,6.0,465850,2795100.0
2013-12-27 00:00:00,5.9,6.0,5.8,5.9,207920,1226728.0
2013-12-30 00:00:00,5.8,5.9,5.6,5.6,149080,834848.0
2013-12-31 00:00:00,5.5,5.7,5.5,5.6,122570,686392.0
2014-01-02 00:00:00,5.7,5.9,5.6,5.6,224170,1255352.0
2014-01-03 00:00:00,5.6,5.7,5.6,5.7,151800,865260.0
2014-01-06 00:00:00,5.7,5.8,5.7,5.8,184780,1071724.0
2014-01-07 00:00:00,5.8,5.8,5.7,5.7,93430,532551.0
2014-01-08 00:00:00,5.7,5.8,5.6,5.8,179190,1039302.0
2014-01-09 00:00:00,5.8,5.9,5.7,5.8,193460,1122068.0
2014-01-10 00:00:00,5.8,5.9,5.7,5.7,306660,1747962.0
2014-01-13 00:00:00,5.6,5.8,5.5,5.5,146300,804650.0
2014-01-14 00:00:00,5.6,5.7,5.5,5.6,196770,1101912.0
2014-01-15 00:00:00,5.6,5.7,5.6,5.7,229200,1306440.0
2014-01-16 00:00:00,5.7,5.7,5.5,5.6,255220,1429232.0
2014-01-17 00:00:00,5.7,5.7,5.5,5.5,132870,730785.0
2014-01-20 00:00:00,5.5,5.6,5.3,5.4,190250,1027350.0000000001
2014-01-21 00:00:00,5.4,5.4,5.3,5.4,155380,839052.0
2014-01-22 00:00:00,5.4,5.7,5.4,5.6,307390,1721384.0
2014-01-23 00:00:00,5.6,5.6,5.5,5.6,73030,408968.0
2014-01-24 00:00:00,5.5,5.5,5.4,5.5,127480,701140.0
2014-01-27 00:00:00,5.5,5.6,5.4,5.6,191970,1075032.0
2014-02-06 00:00:00,5.6,5.8,5.5,5.7,512890,2923473.0
2014-02-07 00:00:00,5.7,5.7,5.5,5.6,231030,1293768.0
2014-02-10 00:00:00,5.6,5.8,5.6,5.8,386740,2243092.0
2014-02-11 00:00:00,5.8,6.0,5.7,5.8,1009530,5855274.0
2014-02-12 00:00:00,5.8,5.9,5.7,5.9,180590,1065481.0
2014-02-13 00:00:00,5.9,6.0,5.8,6.0,775910,4655460.0
2014-02-14 00:00:00,6.0,6.4,6.0,6.4,2449080,15674112.0
2014-02-17 00:00:00,6.5,6.7,6.4,6.5,969290,6300385.0
2014-02-18 00:00:00,6.5,6.6,6.3,6.5,738680,4801420.0
2014-02-19 00:00:00,6.5,6.6,6.3,6.5,1243600,8083400.0
2014-02-20 00:00:00,6.5,6.9,6.2,6.3,1890360,11909268.0
2014-02-21 00:00:00,6.3,6.4,6.1,6.2,411470,2551114.0
2014-02-24 00:00:00,6.2,6.4,6.2,6.3,311780,1964214.0
2014-02-25 00:00:00,6.4,6.5,6.3,6.4,636000,4070400.0
2014-02-26 00:00:00,6.4,6.4,6.2,6.3,718920,4529196.0
2014-02-27 00:00:00,6.4,6.7,6.3,6.4,1297750,8305600.0
2014-02-28 00:00:00,6.4,6.5,6.3,6.4,537630,3440832.0
2014-03-03 00:00:00,6.4,6.5,6.1,6.1,612860,3738446.0
2014-03-04 00:00:00,6.1,6.2,5.9,6.0,344200,2065200.0
2014-03-05 00:00:00,6.2,6.3,6.0,6.2,981060,6082572.0
2014-03-06 00:00:00,6.2,6.4,6.2,6.3,468300,2950290.0
2014-03-07 00:00:00,6.4,6.6,6.4,6.5,1323470,8602555.0
2014-03-10 00:00:00,6.5,6.9,6.4,6.9,2223900,15344910.0
2014-03-11 00:00:00,7.3,7.3,7.0,7.2,1833250,13199400.0
2014-03-12 00:00:00,7.1,7.2,6.8,6.9,1913330,13201977.0
2014-03-13 00:00:00,6.8,7.1,6.6,7.0,1528360,10698520.0
2014-03-14 00:00:00,7.0,7.2,6.9,7.0,1351650,9461550.0
2014-03-17 00:00:00,7.2,7.4,7.1,7.4,2348340,17377716.0
2014-03-18 00:00:00,7.5,7.6,7.2,7.3,1225440,8945712.0
2014-03-19 00:00:00,7.2,7.5,7.2,7.5,1286150,9646125.0
2014-03-20 00:00:00,7.5,7.6,7.2,7.3,1257060,9176538.0
2014-03-21 00:00:00,7.3,7.8,7.3,7.8,1924280,15009384.0
2014-03-24 00:00:00,8.3,8.3,8.3,8.3,769790,6389257.000000001
2014-03-25 00:00:00,8.8,8.8,8.5,8.6,4083820,35120852.0
2014-03-26 00:00:00,8.7,8.7,8.0,8.0,1941010,15528080.0
2014-03-27 00:00:00,7.8,7.9,7.5,7.9,1318290,10414491.0
2014-03-28 00:00:00,8.1,8.2,7.8,7.9,1259820,9952578.0
2014-03-31 01:00:00,7.9,8.0,7.7,7.7,577720,4448444.0
2014-04-01 01:00:00,7.5,7.5,7.2,7.2,1247560,8982432.0
2014-04-02 01:00:00,7.2,7.2,6.7,6.9,1744600,12037740.0
2014-04-03 01:00:00,7.1,7.3,7.0,7.3,832590,6077907.0
2014-04-04 01:00:00,7.5,7.5,7.1,7.1,977970,6943587.0
2014-04-07 01:00:00,7.1,7.5,7.0,7.5,1083390,8125425.0
2014-04-08 01:00:00,7.5,7.6,7.4,7.4,777180,5751132.0
2014-04-10 01:00:00,7.4,7.8,7.4,7.6,1211810,9209756.0
2014-04-11 01:00:00,7.6,7.6,7.3,7.5,592350,4442625.0
2014-04-14 01:00:00,7.5,7.6,7.2,7.2,476330,3429576.0
2014-04-15 01:00:00,7.2,7.2,6.9,6.9,1273780,8789082.0
2014-04-16 01:00:00,7.0,7.0,6.5,6.7,1372490,9195683.0
2014-04-17 01:00:00,6.7,7.0,6.7,6.9,282450,1948905.0
2014-04-18 01:00:00,6.8,6.9,6.5,6.5,1704770,11081005.0
2014-04-21 01:00:00,6.3,6.4,6.1,6.1,864800,5275280.0
2014-04-22 01:00:00,6.1,6.5,6.0,6.5,781740,5081310.0
2014-04-23 01:00:00,6.6,6.6,6.3,6.4,573920,3673088.0
2014-04-24 01:00:00,6.4,6.5,6.2,6.5,503010,3269565.0
2014-04-25 01:00:00,6.5,6.5,6.4,6.4,453610,2903104.0
2014-04-28 01:00:00,6.4,6.4,6.1,6.3,569250,3586275.0
2014-04-29 01:00:00,6.3,6.3,6.1,6.3,203140,1279782.0
2014-05-05 01:00:00,6.3,6.3,5.9,5.9,594150,3505485.0
2014-05-06 01:00:00,5.8,5.8,5.5,5.7,1286040,7330428.0
2014-05-07 01:00:00,5.7,5.9,5.6,5.6,815460,4566576.0
2014-05-08 01:00:00,5.5,5.5,5.3,5.3,485750,2574475.0
2014-05-09 01:00:00,5.1,5.4,5.1,5.4,1011420,5461668.0
2014-05-12 01:00:00,5.3,5.3,5.1,5.1,426640,2175864.0
2014-05-13 01:00:00,4.9,5.0,4.8,4.8,1523150,7311120.0
2014-05-14 01:00:00,4.7,5.1,4.7,5.0,1280730,6403650.0
2014-05-15 01:00:00,4.9,5.3,4.7,4.9,1101910,5399359.0
2014-05-16 01:00:00,4.9,5.2,4.8,5.2,1187370,6174324.0
2014-05-19 01:00:00,5.2,5.5,5.0,5.4,1569760,8476704.0
2014-05-20 01:00:00,5.3,5.7,5.2,5.7,1997420,11385294.0
2014-05-21 01:00:00,5.7,6.0,5.7,6.0,1984020,11904120.0
2014-05-22 01:00:00,6.0,6.3,5.8,5.8,1332950,7731110.0
2014-05-23 01:00:00,5.8,5.9,5.6,5.7,1221110,6960327.0
2014-05-26 01:00:00,5.6,5.9,5.6,5.9,903850,5332715.0
2014-05-27 01:00:00,5.8,6.3,5.8,6.1,1332890,8130628.999999999
2014-05-28 01:00:00,6.1,6.3,5.9,6.0,1222880,7337280.0
2014-05-29 01:00:00,6.0,6.0,5.7,5.7,889950,5072715.0
2014-05-30 01:00:00,5.6,5.8,5.5,5.6,556460,3116176.0
2014-06-02 01:00:00,5.5,5.6,5.3,5.5,743560,4089580.0
2014-06-03 01:00:00,5.5,5.6,5.5,5.5,573720,3155460.0
2014-06-04 01:00:00,5.6,5.6,5.3,5.3,428110,2268983.0
2014-06-05 01:00:00,5.3,5.6,5.2,5.6,2583570,14467992.0
2014-06-06 01:00:00,5.7,5.8,5.6,5.7,682550,3890535.0
2014-06-09 01:00:00,5.7,5.9,5.6,5.6,985670,5519752.0
2014-06-10 01:00:00,5.6,5.7,5.4,5.4,2005420,10829268.0
2014-06-11 01:00:00,5.5,5.7,5.5,5.7,3171120,18075384.0
2014-06-12 01:00:00,5.8,5.9,5.7,5.7,1524000,8686800.0
2014-06-13 01:00:00,5.6,5.8,5.6,5.7,960810,5476617.0
2014-06-16 01:00:00,5.7,5.9,5.7,5.9,2029790,11975761.0
2014-06-17 01:00:00,5.9,6.0,5.8,5.9,1457890,8601551.0
2014-06-18 01:00:00,6.0,6.3,6.0,6.2,5237370,32471694.0
2014-06-19 01:00:00,6.1,6.2,5.8,6.1,2769220,16892242.0
2014-06-20 01:00:00,6.2,6.3,6.0,6.1,1108260,6760386.0
2014-06-23 01:00:00,6.0,6.1,5.9,5.9,1431230,8444257.0
2014-06-24 01:00:00,5.9,6.1,5.8,6.0,1338470,8030820.0
2014-06-25 01:00:00,6.0,6.2,6.0,6.0,660150,3960900.0
2014-06-26 01:00:00,6.1,6.2,6.0,6.1,1246370,7602857.0
2014-06-27 01:00:00,6.1,6.1,5.9,6.0,1710600,10263600.0
2014-06-30 01:00:00,6.0,6.1,6.0,6.0,1036730,6220380.0
2014-07-01 01:00:00,6.0,6.1,6.0,6.0,1004550,6027300.0
2014-07-02 01:00:00,6.1,6.3,6.0,6.2,1597900,9906980.0
2014-07-03 01:00:00,6.2,6.5,6.2,6.4,2972080,19021312.0
2014-07-04 01:00:00,6.4,6.5,6.2,6.4,1603430,10261952.0
2014-07-07 01:00:00,6.3,6.5,6.3,6.3,1602540,10096002.0
2014-07-08 01:00:00,6.2,6.4,6.2,6.3,1645060,10363878.0
2014-07-09 01:00:00,6.3,6.4,6.2,6.4,1771220,11335808.0
2014-07-10 01:00:00,6.3,6.4,6.1,6.2,1974490,12241838.0
2014-07-11 01:00:00,6.2,6.3,6.1,6.2,1355910,8406642.0
2014-07-14 01:00:00,6.2,6.2,6.1,6.1,764340,4662474.0
2014-07-15 01:00:00,6.1,6.4,6.1,6.3,2316350,14593005.0
2014-07-16 01:00:00,6.4,6.5,6.3,6.3,3032740,19106262.0
2014-07-17 01:00:00,6.3,6.4,6.2,6.3,1141790,7193277.0
2014-07-18 01:00:00,6.3,6.3,6.2,6.3,650110,4095693.0
2014-07-21 01:00:00,6.2,6.3,6.0,6.0,1149480,6896880.0
2014-07-22 01:00:00,6.1,6.2,6.1,6.1,1235780,7538258.0
2014-07-23 01:00:00,6.2,6.2,6.0,6.1,922910,5629751.0
2014-07-24 01:00:00,6.0,6.1,6.0,6.0,706680,4240080.0
2014-07-25 01:00:00,6.1,6.1,5.7,5.7,1384750,7893075.0
2014-07-28 01:00:00,5.7,5.7,5.4,5.5,1555690,8556295.0
2014-07-29 01:00:00,5.5,5.7,5.5,5.7,792060,4514742.0
2014-07-30 01:00:00,5.6,5.7,5.5,5.6,742330,4157047.9999999995
2014-07-31 01:00:00,5.6,5.8,5.6,5.7,678780,3869046.0
2014-08-01 01:00:00,5.7,5.7,5.5,5.5,450200,2476100.0
2014-08-04 01:00:00,5.6,5.8,5.6,5.6,536750,3005800.0
2014-08-05 01:00:00,5.6,5.8,5.6,5.8,937570,5437906.0
2014-08-06 01:00:00,5.8,5.8,5.7,5.7,594030,3385971.0
2014-08-07 01:00:00,5.6,5.8,5.6,5.8,747270,4334166.0
2014-08-08 01:00:00,5.8,5.8,5.6,5.8,786300,4560540.0
2014-08-11 01:00:00,5.8,5.8,5.7,5.7,480290,2737653.0
2014-08-12 01:00:00,5.7,5.7,5.5,5.6,1350360,7562015.999999999
2014-08-13 01:00:00,5.6,5.8,5.5,5.7,882640,5031048.0
2014-08-14 01:00:00,5.7,5.8,5.6,5.6,637980,3572688.0
2014-08-15 01:00:00,5.6,5.7,5.6,5.7,339220,1933554.0
2014-08-18 01:00:00,5.7,5.8,5.6,5.7,1062350,6055395.0
2014-08-19 01:00:00,5.8,6.0,5.7,5.9,2962240,17477216.0
2014-08-20 01:00:00,5.9,5.9,5.7,5.8,367750,2132950.0
2014-08-21 01:00:00,5.8,5.9,5.8,5.8,651230,3777134.0
2014-08-22 01:00:00,5.8,5.9,5.8,5.8,959250,5563650.0
2014-08-25 01:00:00,5.8,6.0,5.8,5.9,1395590,8233981.000000001
2014-08-26 01:00:00,5.9,6.0,5.8,5.8,1000240,5801392.0
2014-08-27 01:00:00,5.8,5.9,5.7,5.9,1350660,7968894.000000001
2014-08-28 01:00:00,5.9,6.0,5.8,5.9,1962270,11577393.0
2014-08-29 01:00:00,6.3,6.3,6.3,6.3,1515380,9546894.0
2014-09-03 01:00:00,6.7,6.7,6.6,6.7,3858200,25849940.0
2014-09-04 01:00:00,6.7,7.0,6.5,6.6,4428600,29228760.0
2014-09-05 01:00:00,6.6,6.7,6.5,6.6,2105100,13893660.0
2014-09-08 01:00:00,6.7,6.9,6.6,6.6,2852060,18823596.0
2014-09-09 01:00:00,6.6,6.6,6.2,6.2,2952820,18307484.0
2014-09-10 01:00:00,6.1,6.2,5.9,6.1,1517530,9256933.0
2014-09-11 01:00:00,6.2,6.4,6.1,6.3,1541270,9710001.0
2014-09-12 01:00:00,6.3,6.5,6.2,6.4,1188140,7604096.0
2014-09-15 01:00:00,6.4,6.5,6.2,6.3,1726580,10877454.0
2014-09-16 01:00:00,6.2,6.2,6.1,6.2,1405250,8712550.0
2014-09-17 01:00:00,6.3,6.3,6.1,6.1,1542950,9411995.0
2014-09-18 01:00:00,6.2,6.3,6.0,6.0,1783730,10702380.0
2014-09-19 01:00:00,6.1,6.1,5.9,6.0,618980,3713880.0
2014-09-22 01:00:00,6.0,6.1,5.9,5.9,584780,3450202.0
2014-09-23 01:00:00,5.8,6.0,5.8,5.9,1028460,6067914.0
2014-09-24 01:00:00,5.9,6.2,5.9,6.0,1776550,10659300.0
2014-09-25 01:00:00,6.1,6.2,5.9,6.2,1030040,6386248.0
2014-09-26 01:00:00,6.2,6.2,6.0,6.0,1014990,6089940.0
2014-09-29 01:00:00,6.0,6.1,6.0,6.0,796250,4777500.0
2014-09-30 01:00:00,6.0,6.1,5.9,5.9,930500,5489950.0
2014-10-01 01:00:00,6.2,6.3,6.1,6.3,2657980,16745274.0
2014-10-02 01:00:00,6.4,6.4,6.2,6.2,1254220,7776164.0
2014-10-03 01:00:00,6.2,6.3,6.2,6.2,1161570,7201734.0
2014-10-06 01:00:00,6.2,6.5,6.2,6.4,2099620,13437568.0
2014-10-07 01:00:00,6.5,6.8,6.5,6.7,2762680,18509956.0
2014-10-08 01:00:00,6.7,6.8,6.6,6.7,2712860,18176162.0
2014-10-09 01:00:00,6.8,6.9,6.5,6.5,2105960,13688740.0
2014-10-10 01:00:00,6.4,6.5,6.2,6.3,1472910,9279333.0
2014-10-13 01:00:00,6.3,6.5,6.2,6.5,981530,6379945.0
2014-10-14 01:00:00,6.4,6.5,6.2,6.3,1199940,7559622.0
2014-10-15 01:00:00,6.3,6.3,6.1,6.2,609480,3778776.0
2014-10-16 01:00:00,6.2,6.2,5.9,5.9,1867900,11020610.0
2014-10-17 01:00:00,6.0,6.0,5.8,6.0,843330,5059980.0
2014-10-20 01:00:00,6.1,6.1,5.9,6.0,420900,2525400.0
2014-10-21 01:00:00,6.0,6.0,5.9,5.9,504280,2975252.0
2014-10-22 01:00:00,5.9,6.1,5.9,6.1,608570,3712277.0
2014-10-23 01:00:00,6.1,6.1,5.9,5.9,636850,3757415.0
2014-10-24 01:00:00,5.9,6.0,5.8,5.9,443690,2617771.0
2014-10-27 00:00:00,5.9,5.9,5.6,5.6,503690,2820664.0
2014-10-28 00:00:00,5.6,5.8,5.6,5.7,629830,3590031.0
2014-10-29 00:00:00,5.8,5.9,5.8,5.9,359530,2121227.0
2014-10-30 00:00:00,5.8,5.9,5.7,5.8,788030,4570574.0
2014-10-31 00:00:00,5.8,6.0,5.8,6.0,504720,3028320.0
2014-11-03 00:00:00,5.9,6.0,5.6,5.6,4191340,23471504.0
2014-11-04 00:00:00,5.5,5.8,5.5,5.6,1421620,7961071.999999999
2014-11-05 00:00:00,5.7,5.8,5.6,5.7,898950,5124015.0
2014-11-06 00:00:00,5.6,5.9,5.6,5.9,1507140,8892126.0
2014-11-07 00:00:00,5.8,5.9,5.7,5.8,1025470,5947726.0
2014-11-10 00:00:00,5.8,5.9,5.7,5.7,1010610,5760477.0
2014-11-11 00:00:00,5.7,5.8,5.6,5.6,728670,4080551.9999999995
2014-11-12 00:00:00,5.7,5.8,5.6,5.8,624100,3619780.0
2014-11-13 00:00:00,5.8,5.8,5.7,5.8,960830,5572814.0
2014-11-14 00:00:00,5.7,5.8,5.6,5.7,573560,3269292.0
2014-11-17 00:00:00,5.6,5.8,5.6,5.6,735600,4119359.9999999995
2014-11-18 00:00:00,5.7,5.7,5.6,5.7,813940,4639458.0
2014-11-19 00:00:00,5.6,5.7,5.5,5.5,596940,3283170.0
2014-11-20 00:00:00,5.6,5.7,5.5,5.7,297240,1694268.0
2014-11-21 00:00:00,5.7,5.7,5.6,5.6,699640,3917983.9999999995
2014-11-24 00:00:00,5.6,5.6,5.5,5.5,411430,2262865.0
2014-11-25 00:00:00,5.5,5.6,5.5,5.5,455860,2507230.0
2014-11-26 00:00:00,5.5,5.6,5.4,5.5,564570,3105135.0
2014-11-27 00:00:00,5.5,5.5,5.3,5.5,580370,3192035.0
2014-11-28 00:00:00,5.5,5.6,5.4,5.5,410350,2256925.0
2014-12-01 00:00:00,5.4,5.6,5.4,5.4,261520,1412208.0
2014-12-02 00:00:00,5.5,5.5,5.4,5.4,325650,1758510.0
2014-12-03 00:00:00,5.4,5.6,5.4,5.5,543700,2990350.0
2014-12-04 00:00:00,5.5,5.6,5.4,5.5,228340,1255870.0
2014-12-05 00:00:00,5.5,5.6,5.4,5.5,391840,2155120.0
2014-12-08 00:00:00,5.4,5.5,5.4,5.4,326270,1761858.0
2014-12-09 00:00:00,5.4,5.4,5.1,5.1,800820,4084181.9999999995
2014-12-10 00:00:00,5.1,5.3,5.0,5.3,492110,2608183.0
2014-12-11 00:00:00,5.2,5.3,5.1,5.1,362620,1849361.9999999998
2014-12-12 00:00:00,5.1,5.2,5.1,5.2,157580,819416.0
2014-12-15 00:00:00,5.5,5.5,5.5,5.5,566900,3117950.0
2014-12-16 00:00:00,5.8,5.8,5.7,5.8,3984030,23107374.0
2014-12-17 00:00:00,5.9,6.0,5.4,5.5,1199370,6596535.0
2014-12-18 00:00:00,5.6,5.8,5.6,5.7,807140,4600698.0
2014-12-19 00:00:00,5.5,5.6,5.4,5.4,819590,4425786.0
2014-12-22 00:00:00,5.3,5.4,5.2,5.2,692010,3598452.0
2014-12-23 00:00:00,5.2,5.5,5.2,5.5,760590,4183245.0
2014-12-24 00:00:00,5.4,5.5,5.3,5.3,441900,2342070.0
2014-12-25 00:00:00,5.3,5.4,5.2,5.2,587200,3053440.0
2014-12-26 00:00:00,5.2,5.3,5.0,5.0,803230,4016150.0
2014-12-29 00:00:00,5.0,5.3,5.0,5.1,687760,3507575.9999999995
2014-12-30 00:00:00,5.1,5.2,4.9,5.2,586620,3050424.0
2014-12-31 00:00:00,5.1,5.4,5.1,5.3,779660,4132198.0
2015-01-05 00:00:00,5.3,5.5,5.3,5.4,888900,4800060.0
2015-01-06 00:00:00,5.2,5.4,5.2,5.4,678060,3661524.0000000005
2015-01-07 00:00:00,5.4,5.5,5.3,5.3,680510,3606703.0
2015-01-08 00:00:00,5.2,5.3,5.1,5.2,435960,2266992.0
2015-01-09 00:00:00,5.2,5.4,5.2,5.2,846660,4402632.0
2015-01-12 00:00:00,5.2,5.3,5.2,5.2,309460,1609192.0
2015-01-13 00:00:00,5.2,5.3,5.1,5.2,398370,2071524.0
2015-01-14 00:00:00,5.2,5.3,5.1,5.1,577330,2944383.0
2015-01-15 00:00:00,5.2,5.3,5.2,5.2,579380,3012776.0
2015-01-16 00:00:00,5.2,5.3,5.1,5.2,337730,1756196.0
2015-01-19 00:00:00,5.2,5.3,5.1,5.2,246290,1280708.0
2015-01-20 00:00:00,5.2,5.2,5.1,5.1,422490,2154699.0
2015-01-21 00:00:00,5.1,5.2,5.1,5.2,320140,1664728.0
2015-01-22 00:00:00,5.1,5.2,5.0,5.1,406060,2070905.9999999998
2015-01-23 00:00:00,5.1,5.2,5.0,5.1,330500,1685549.9999999998
2015-01-26 00:00:00,5.1,5.1,5.0,5.1,435360,2220336.0
2015-01-27 00:00:00,5.0,5.2,4.9,5.0,731470,3657350.0
2015-01-28 00:00:00,5.0,5.0,4.9,5.0,560730,2803650.0
2015-01-29 00:00:00,4.9,5.0,4.9,5.0,205420,1027100.0
2015-01-30 00:00:00,4.9,5.0,4.8,4.8,357370,1715376.0
2015-02-02 00:00:00,4.8,4.9,4.6,4.6,306690,1410774.0
2015-02-03 00:00:00,4.6,4.7,4.4,4.4,468830,2062852.0000000002
2015-02-04 00:00:00,4.4,4.4,4.2,4.2,743010,3120642.0
2015-02-05 00:00:00,4.2,4.4,4.2,4.3,445200,1914360.0
2015-02-06 00:00:00,4.3,4.5,4.3,4.4,167260,735944.0000000001
2015-02-09 00:00:00,4.4,4.5,4.3,4.3,299550,1288065.0
2015-02-10 00:00:00,4.4,4.4,4.2,4.3,425470,1829521.0
2015-02-11 00:00:00,4.4,4.6,4.3,4.6,345860,1590955.9999999998
2015-02-12 00:00:00,4.6,4.6,4.5,4.6,272400,1253040.0
2015-02-13 00:00:00,4.6,4.6,4.4,4.5,287650,1294425.0
2015-02-24 00:00:00,4.5,4.7,4.5,4.6,239570,1102022.0
2015-02-25 00:00:00,4.5,4.6,4.4,4.4,398960,1755424.0000000002
2015-02-26 00:00:00,4.5,4.6,4.4,4.5,212880,957960.0
2015-02-27 00:00:00,4.5,4.5,4.3,4.5,305210,1373445.0
2015-03-02 00:00:00,4.5,4.5,4.3,4.3,460260,1979118.0
2015-03-03 00:00:00,4.3,4.6,4.3,4.6,816330,3755117.9999999995
2015-03-04 00:00:00,4.8,4.8,4.6,4.6,903840,4157663.9999999995
2015-03-05 00:00:00,4.6,4.6,4.5,4.5,654670,2946015.0
2015-03-06 00:00:00,4.5,4.6,4.4,4.5,289080,1300860.0
2015-03-09 00:00:00,4.5,4.6,4.4,4.4,397360,1748384.0000000002
2015-03-10 00:00:00,4.4,4.6,4.4,4.4,268670,1182148.0
2015-03-11 00:00:00,4.5,4.6,4.4,4.4,272390,1198516.0
2015-03-12 00:00:00,4.4,4.5,4.4,4.5,205150,923175.0
2015-03-13 00:00:00,4.5,4.6,4.4,4.4,260250,1145100.0
2015-03-16 00:00:00,4.4,4.5,4.4,4.5,451900,2033550.0
2015-03-17 00:00:00,4.5,4.5,4.4,4.4,235640,1036816.0000000001
2015-03-18 00:00:00,4.4,4.5,4.3,4.4,291870,1284228.0
2015-03-19 00:00:00,4.4,4.4,4.3,4.3,192820,829126.0
2015-03-20 00:00:00,4.4,4.4,4.3,4.4,98610,433884.00000000006
2015-03-23 00:00:00,4.4,4.5,4.2,4.2,471040,1978368.0
2015-03-24 00:00:00,4.3,4.3,4.2,4.3,225650,970295.0
2015-03-25 00:00:00,4.3,4.4,4.2,4.2,118940,499548.0
2015-03-26 00:00:00,4.3,4.3,4.1,4.2,218990,919758.0
2015-03-27 00:00:00,4.2,4.3,4.1,4.1,118210,484660.99999999994
2015-03-30 01:00:00,4.2,4.3,4.0,4.1,134130,549933.0
2015-03-31 01:00:00,4.1,4.2,4.1,4.1,197620,810241.9999999999
2015-04-01 01:00:00,4.1,4.2,3.9,4.0,196850,787400.0
2015-04-02 01:00:00,4.0,4.1,3.9,4.0,163390,653560.0
2015-04-03 01:00:00,4.1,4.1,3.9,3.9,262300,1022970.0
2015-04-06 01:00:00,4.0,4.0,3.9,3.9,59560,232284.0
2015-04-07 01:00:00,3.9,4.0,3.9,4.0,200790,803160.0
2015-04-08 01:00:00,4.0,4.1,3.9,4.0,320440,1281760.0
2015-04-09 01:00:00,4.0,4.2,4.0,4.1,183800,753579.9999999999
2015-04-10 01:00:00,4.1,4.2,4.0,4.1,210960,864935.9999999999
2015-04-13 01:00:00,4.1,4.2,4.0,4.1,150140,615574.0
2015-04-14 01:00:00,4.1,4.1,4.0,4.0,180490,721960.0
2015-04-15 01:00:00,4.0,4.1,3.9,4.1,133360,546776.0
2015-04-16 01:00:00,4.1,4.1,3.9,4.1,192260,788265.9999999999
2015-04-17 01:00:00,4.1,4.1,4.0,4.0,271000,1084000.0
2015-04-20 01:00:00,4.0,4.0,3.9,3.9,207620,809718.0
2015-04-21 01:00:00,3.9,3.9,3.7,3.7,356250,1318125.0
2015-04-22 01:00:00,3.7,3.8,3.7,3.7,239290,885373.0
2015-04-23 01:00:00,3.7,3.8,3.7,3.7,132630,490731.0
2015-04-24 01:00:00,3.7,3.8,3.7,3.7,307280,1136936.0
2015-04-27 01:00:00,3.7,3.7,3.5,3.5,749050,2621675.0
2015-05-04 01:00:00,3.5,3.6,3.3,3.3,431660,1424478.0
2015-05-05 01:00:00,3.2,3.3,3.1,3.1,897860,2783366.0
2015-05-06 01:00:00,3.2,3.2,3.0,3.0,692150,2076450.0
2015-05-07 01:00:00,3.0,3.2,2.9,3.2,817570,2616224.0
2015-05-08 01:00:00,3.2,3.3,3.2,3.3,312970,1032801.0
2015-05-11 01:00:00,3.2,3.3,3.1,3.2,421330,1348256.0
2015-05-12 01:00:00,3.2,3.2,3.0,3.1,701650,2175115.0
2015-05-13 01:00:00,3.1,3.2,3.0,3.2,204580,654656.0
2015-05-14 01:00:00,3.2,3.2,3.0,3.1,336510,1043181.0
2015-05-15 01:00:00,3.0,3.1,3.0,3.1,138570,429567.0
2015-05-18 01:00:00,3.0,3.0,2.9,2.9,417710,1211359.0
2015-05-19 01:00:00,2.8,2.9,2.7,2.8,928070,2598596.0
2015-05-20 01:00:00,2.8,2.9,2.7,2.9,742140,2152206.0
2015-05-21 01:00:00,2.9,3.1,2.9,3.0,533270,1599810.0
2015-05-22 01:00:00,3.0,3.1,2.9,3.1,571150,1770565.0
2015-05-25 01:00:00,3.2,3.3,3.1,3.3,1356340,4475922.0
2015-05-26 01:00:00,3.4,3.5,3.4,3.5,508610,1780135.0
2015-05-27 01:00:00,3.6,3.7,3.4,3.5,1664990,5827465.0
2015-05-28 01:00:00,3.4,3.6,3.3,3.5,1351130,4728955.0
2015-05-29 01:00:00,3.5,3.5,3.3,3.3,749590,2473647.0
2015-06-01 01:00:00,3.2,3.3,3.1,3.1,2548650,7900815.0
2015-06-02 01:00:00,3.2,3.3,3.1,3.1,378430,1173133.0
2015-06-03 01:00:00,3.2,3.3,3.2,3.3,719140,2373162.0
2015-06-04 01:00:00,3.3,3.3,3.1,3.2,636650,2037280.0
2015-06-05 01:00:00,3.2,3.3,3.1,3.2,583680,1867776.0
2015-06-08 01:00:00,3.1,3.4,3.0,3.0,6059960,18179880.0
2015-06-09 01:00:00,2.8,2.8,2.8,2.8,155980,436744.0
2015-06-10 01:00:00,2.7,2.7,2.7,2.7,35560,96012.0
2015-06-11 01:00:00,2.7,2.7,2.6,2.6,920,2392.0
2015-06-12 01:00:00,2.5,2.5,2.5,2.5,7080,17700.0
2015-06-15 01:00:00,2.4,2.4,2.4,2.4,4370,10488.0
2015-06-16 01:00:00,2.3,2.3,2.3,2.3,15400,35420.0
2015-06-17 01:00:00,2.2,2.2,2.2,2.2,7360,16192.000000000002
2015-06-18 01:00:00,2.1,2.1,2.1,2.1,42700,89670.0
2015-06-19 01:00:00,2.0,2.0,2.0,2.0,10960,21920.0
2015-06-22 01:00:00,1.9,1.9,1.9,1.9,44760,85044.0
2015-06-23 01:00:00,1.8,1.8,1.8,1.8,14760,26568.0
2015-06-24 01:00:00,1.7,1.7,1.7,1.7,17370,29529.0
2015-06-25 01:00:00,1.6,1.6,1.6,1.6,34280,54848.0
2015-06-26 01:00:00,1.5,1.5,1.5,1.5,48680,73020.0
2015-06-29 01:00:00,1.4,1.4,1.4,1.4,199160,278824.0
2015-06-30 01:00:00,1.3,1.3,1.3,1.3,224610,291993.0
2015-07-01 01:00:00,1.2,1.4,1.2,1.4,4812570,6737598.0
2015-07-02 01:00:00,1.5,1.5,1.5,1.5,26510,39765.0
2015-07-03 01:00:00,1.6,1.6,1.6,1.6,699830,1119728.0
2015-07-06 01:00:00,1.7,1.7,1.5,1.7,5258360,8939212.0
2015-07-07 01:00:00,1.8,1.8,1.7,1.7,1508510,2564467.0
2015-07-08 01:00:00,1.6,1.7,1.6,1.6,1335870,2137392.0
2015-07-09 01:00:00,1.5,1.6,1.5,1.5,1410670,2116005.0
2015-07-10 01:00:00,1.5,1.6,1.5,1.5,580710,871065.0
2015-07-13 01:00:00,1.6,1.6,1.5,1.5,885940,1328910.0
2015-07-14 01:00:00,1.5,1.5,1.4,1.5,1105610,1658415.0
2015-07-15 01:00:00,1.4,1.5,1.4,1.4,897570,1256598.0
2015-07-16 01:00:00,1.3,1.5,1.3,1.4,321160,449624.0
2015-07-17 01:00:00,1.5,1.5,1.5,1.5,345020,517530.0
2015-07-20 01:00:00,1.6,1.6,1.6,1.6,1342910,2148656.0
2015-07-21 01:00:00,1.7,1.7,1.6,1.6,972730,1556368.0
2015-07-22 01:00:00,1.6,1.7,1.5,1.6,1428270,2285232.0
2015-07-23 01:00:00,1.6,1.6,1.5,1.5,682600,1023900.0
2015-07-24 01:00:00,1.5,1.5,1.4,1.4,512300,717220.0
2015-07-27 01:00:00,1.5,1.5,1.4,1.5,342300,513450.0
2015-07-28 01:00:00,1.5,1.5,1.4,1.4,195090,273126.0
2015-07-29 01:00:00,1.4,1.5,1.4,1.4,516020,722428.0
2015-07-30 01:00:00,1.5,1.5,1.4,1.5,272100,408150.0
2015-07-31 01:00:00,1.5,1.5,1.4,1.4,1266610,1773254.0
2015-08-03 01:00:00,1.3,1.4,1.3,1.3,246840,320892.0
2015-08-04 01:00:00,1.3,1.4,1.2,1.3,706370,918281.0
2015-08-05 01:00:00,1.3,1.4,1.3,1.4,615620,861868.0
2015-08-06 01:00:00,1.4,1.4,1.4,1.4,133470,186858.0
2015-08-07 01:00:00,1.3,1.4,1.3,1.4,206230,288722.0
2015-08-10 01:00:00,1.4,1.4,1.3,1.3,1005750,1307475.0
2015-08-11 01:00:00,1.3,1.4,1.2,1.3,430720,559936.0
2015-08-12 01:00:00,1.3,1.3,1.2,1.3,184510,239863.0
2015-08-13 01:00:00,1.3,1.3,1.2,1.2,375580,450696.0
2015-08-14 01:00:00,1.3,1.3,1.2,1.2,109340,131208.0
2015-08-17 01:00:00,1.2,1.3,1.2,1.2,314420,377304.0
2015-08-18 01:00:00,1.2,1.3,1.2,1.3,61470,79911.0
2015-08-19 01:00:00,1.3,1.3,1.2,1.3,194840,253292.0
2015-08-20 01:00:00,1.2,1.3,1.2,1.2,234080,280896.0
2015-08-21 01:00:00,1.1,1.2,1.1,1.1,1652980,1818278.0000000002
2015-08-24 01:00:00,1.0,1.1,1.0,1.0,713140,713140.0
2015-08-25 01:00:00,1.1,1.1,1.0,1.1,481280,529408.0
2015-08-26 01:00:00,1.1,1.2,1.1,1.2,310470,372564.0
2015-08-27 01:00:00,1.2,1.2,1.1,1.2,106020,127224.0
2015-08-28 01:00:00,1.2,1.2,1.1,1.1,371020,408122.00000000006
2015-08-31 01:00:00,1.1,1.2,1.1,1.1,296270,325897.0
2015-09-01 01:00:00,1.1,1.2,1.1,1.1,61670,67837.0
2015-09-03 01:00:00,1.0,1.2,1.0,1.1,125050,137555.0
2015-09-04 01:00:00,1.1,1.1,1.0,1.0,213810,213810.0
2015-09-07 01:00:00,1.1,1.1,1.0,1.1,97410,107151.00000000001
2015-09-08 01:00:00,1.1,1.2,1.0,1.1,224610,247071.00000000003
2015-09-09 01:00:00,1.1,1.1,1.0,1.1,62540,68794.0
2015-09-10 01:00:00,1.1,1.1,1.0,1.1,126010,138611.0
2015-09-11 01:00:00,1.1,1.2,1.1,1.1,436480,480128.00000000006
2015-09-14 01:00:00,1.1,1.2,1.0,1.1,100060,110066.00000000001
2015-09-15 01:00:00,1.1,1.1,1.0,1.1,65960,72556.0
2015-09-16 01:00:00,1.1,1.1,1.0,1.1,70530,77583.0
2015-09-17 01:00:00,1.1,1.1,1.0,1.0,107610,107610.0
2015-09-18 01:00:00,1.1,1.1,1.0,1.1,373820,411202.00000000006
2015-09-21 01:00:00,1.1,1.1,1.0,1.1,150990,166089.0
2015-09-22 01:00:00,1.1,1.1,1.0,1.1,89190,98109.00000000001
2015-09-23 01:00:00,1.0,1.1,1.0,1.1,66180,72798.0
2015-09-24 01:00:00,1.1,1.1,1.0,1.0,287690,287690.0
2015-09-25 01:00:00,1.1,1.1,1.0,1.1,92280,101508.00000000001
2015-09-28 01:00:00,1.0,1.1,1.0,1.1,65480,72028.0
2015-09-29 01:00:00,1.0,1.1,1.0,1.1,317080,348788.0
2015-09-30 01:00:00,1.0,1.0,1.0,1.0,224570,224570.0
2015-10-01 01:00:00,1.0,1.1,1.0,1.0,86560,86560.0
2015-10-02 01:00:00,1.0,1.1,0.9,1.0,252030,252030.0
2015-10-05 01:00:00,1.0,1.1,1.0,1.0,84620,84620.0
2015-10-06 01:00:00,1.0,1.1,1.0,1.0,228230,228230.0
2015-10-07 01:00:00,1.0,1.1,1.0,1.0,260700,260700.0
2015-10-08 01:00:00,1.0,1.1,1.0,1.0,384000,384000.0
2015-10-09 01:00:00,1.0,1.1,1.0,1.0,87450,87450.0
2015-10-12 01:00:00,1.0,1.1,1.0,1.0,333130,333130.0
2015-10-13 01:00:00,1.0,1.1,1.0,1.0,43600,43600.0
2015-10-14 01:00:00,1.0,1.0,0.9,0.9,302360,272124.0
2015-10-15 01:00:00,1.0,1.0,0.9,1.0,408150,408150.0
2015-10-16 01:00:00,1.1,1.1,0.9,1.0,369710,369710.0
2015-10-19 01:00:00,1.0,1.1,1.0,1.0,79050,79050.0
2015-10-20 01:00:00,1.0,1.0,1.0,1.0,101330,101330.0
2015-10-21 01:00:00,1.0,1.1,0.9,1.0,51660,51660.0
2015-10-22 01:00:00,1.0,1.1,1.0,1.0,116320,116320.0
2015-10-23 01:00:00,1.1,1.1,0.9,1.0,88690,88690.0
2015-10-26 00:00:00,1.0,1.1,1.0,1.0,71790,71790.0
2015-10-27 00:00:00,0.9,1.0,0.9,1.0,80490,80490.0
2015-10-28 00:00:00,0.9,1.0,0.9,1.0,48890,48890.0
2015-10-29 00:00:00,1.0,1.0,0.9,1.0,34570,34570.0
2015-10-30 00:00:00,1.0,1.0,0.9,1.0,33600,33600.0
2015-11-02 00:00:00,1.0,1.0,0.9,0.9,44800,40320.0
2015-11-03 00:00:00,1.0,1.0,0.9,1.0,83200,83200.0
2015-11-04 00:00:00,1.0,1.1,1.0,1.1,1239860,1363846.0
2015-11-05 00:00:00,1.2,1.2,1.1,1.1,551860,607046.0
2015-11-06 00:00:00,1.1,1.1,1.0,1.0,167060,167060.0
2015-11-09 00:00:00,1.1,1.1,1.0,1.1,662950,729245.0000000001
2015-11-10 00:00:00,1.2,1.2,1.0,1.1,527580,580338.0
2015-11-11 00:00:00,1.1,1.1,1.0,1.1,36690,40359.0
2015-11-12 00:00:00,1.0,1.1,1.0,1.0,180180,180180.0
2015-11-13 00:00:00,1.1,1.1,1.0,1.0,144230,144230.0
2015-11-16 00:00:00,1.0,1.0,1.0,1.0,210010,210010.0
2015-11-17 00:00:00,1.0,1.1,1.0,1.0,82410,82410.0
2015-11-18 00:00:00,1.0,1.1,1.0,1.0,172730,172730.0
2015-11-19 00:00:00,1.1,1.1,1.0,1.1,120980,133078.0
2015-11-20 00:00:00,1.1,1.1,1.0,1.1,147750,162525.0
2015-11-23 00:00:00,1.1,1.1,1.0,1.0,189330,189330.0
2015-11-24 00:00:00,1.0,1.1,1.0,1.1,329850,362835.00000000006
2015-11-25 00:00:00,1.0,1.2,1.0,1.2,919750,1103700.0
2015-11-26 00:00:00,1.2,1.3,1.1,1.2,374070,448884.0
2015-11-27 00:00:00,1.2,1.2,1.1,1.2,552440,662928.0
2015-11-30 00:00:00,1.1,1.1,1.1,1.1,288630,317493.0
2015-12-01 00:00:00,1.1,1.1,1.0,1.1,96890,106579.00000000001
2015-12-02 00:00:00,1.1,1.1,1.1,1.1,205920,226512.00000000003
2015-12-03 00:00:00,1.1,1.1,1.0,1.1,30240,33264.0
2015-12-04 00:00:00,1.0,1.1,1.0,1.1,116150,127765.00000000001
2015-12-07 00:00:00,1.2,1.2,1.1,1.1,82640,90904.00000000001
2015-12-08 00:00:00,1.1,1.1,1.0,1.0,181600,181600.0
2015-12-09 00:00:00,1.1,1.1,1.0,1.0,338810,338810.0
2015-12-10 00:00:00,1.0,1.1,1.0,1.0,376120,376120.0
2015-12-11 00:00:00,1.0,1.1,0.9,1.0,114270,114270.0
2015-12-14 00:00:00,0.9,1.0,0.9,1.0,81320,81320.0
2015-12-15 00:00:00,0.9,1.0,0.9,1.0,42500,42500.0
2015-12-16 00:00:00,1.0,1.1,1.0,1.0,187650,187650.0
2015-12-17 00:00:00,0.9,1.0,0.9,1.0,73350,73350.0
2015-12-18 00:00:00,1.0,1.0,0.9,0.9,29810,26829.0
2015-12-21 00:00:00,0.9,1.0,0.9,0.9,33360,30024.0
2015-12-22 00:00:00,1.0,1.0,0.9,1.0,198460,198460.0
2015-12-23 00:00:00,1.0,1.0,0.9,1.0,110000,110000.0
2015-12-24 00:00:00,0.9,1.0,0.9,0.9,62980,56682.0
2015-12-25 00:00:00,0.9,1.0,0.9,1.0,100120,100120.0
2015-12-28 00:00:00,1.0,1.0,0.9,1.0,29860,29860.0
2015-12-29 00:00:00,1.0,1.0,0.9,1.0,169310,169310.0
2015-12-30 00:00:00,1.0,1.0,0.9,0.9,51870,46683.0
2015-12-31 00:00:00,0.9,1.0,0.9,1.0,30090,30090.0
2016-01-04 00:00:00,0.9,1.0,0.9,0.9,45470,40923.0
2016-01-05 00:00:00,1.0,1.0,0.9,0.9,35230,31707.0
2016-01-06 00:00:00,1.0,1.0,0.9,0.9,119170,107253.0
2016-01-07 00:00:00,0.9,1.0,0.9,0.9,457540,411786.0
2016-01-08 00:00:00,0.9,1.0,0.8,0.9,181970,163773.0
2016-01-11 00:00:00,0.9,1.0,0.9,0.9,92400,83160.0
2016-01-12 00:00:00,0.9,1.0,0.9,1.0,45950,45950.0
2016-01-13 00:00:00,1.0,1.1,1.0,1.0,486670,486670.0
2016-01-14 00:00:00,1.0,1.0,0.9,1.0,108970,108970.0
2016-01-15 00:00:00,1.0,1.0,0.9,0.9,31340,28206.0
2016-01-18 00:00:00,0.9,0.9,0.8,0.9,258970,233073.0
2016-01-19 00:00:00,0.9,1.0,0.9,1.0,65710,65710.0
2016-01-20 00:00:00,0.9,1.0,0.9,0.9,114260,102834.0
2016-01-21 00:00:00,0.9,0.9,0.8,0.9,229630,206667.0
2016-01-22 00:00:00,0.9,0.9,0.8,0.9,56190,50571.0
2016-01-25 00:00:00,0.9,1.0,0.9,0.9,128350,115515.0
2016-01-26 00:00:00,0.8,0.9,0.8,0.9,83080,74772.0
2016-01-27 00:00:00,0.8,0.9,0.8,0.8,630640,504512.0
2016-01-28 00:00:00,0.8,0.8,0.7,0.8,139140,111312.0
2016-01-29 00:00:00,0.8,0.9,0.8,0.8,149820,119856.0
2016-02-01 00:00:00,0.8,0.9,0.8,0.9,49880,44892.0
2016-02-02 00:00:00,0.9,0.9,0.8,0.8,39000,31200.0
2016-02-03 00:00:00,0.8,0.9,0.8,0.8,83760,67008.0
2016-02-04 00:00:00,0.9,0.9,0.8,0.9,102520,92268.0
2016-02-05 00:00:00,0.9,0.9,0.8,0.9,40130,36117.0
2016-02-15 00:00:00,0.9,0.9,0.8,0.8,43280,34624.0
2016-02-16 00:00:00,0.8,0.9,0.8,0.9,208140,187326.0
2016-02-17 00:00:00,0.9,0.9,0.8,0.9,256610,230949.0
2016-02-18 00:00:00,0.9,0.9,0.8,0.8,264450,211560.0
2016-02-19 00:00:00,0.8,0.9,0.8,0.8,178890,143112.0
2016-02-22 00:00:00,0.9,0.9,0.9,0.9,324290,291861.0
2016-02-23 00:00:00,1.0,1.0,0.9,0.9,564260,507834.0
2016-02-24 00:00:00,1.0,1.0,0.9,0.9,94480,85032.0
2016-02-25 00:00:00,0.9,1.0,0.8,1.0,566830,566830.0
2016-02-26 00:00:00,1.0,1.1,0.9,0.9,546500,491850.0
2016-02-29 00:00:00,1.0,1.0,1.0,1.0,553440,553440.0
2016-03-01 00:00:00,1.1,1.1,1.1,1.1,139300,153230.0
2016-03-02 00:00:00,1.2,1.2,1.1,1.1,1550640,1705704.0000000002
2016-03-03 00:00:00,1.0,1.1,1.0,1.1,415860,457446.00000000006
2016-03-04 00:00:00,1.1,1.2,1.0,1.0,517160,517160.0
2016-03-07 00:00:00,1.0,1.1,1.0,1.1,832110,915321.0000000001
2016-03-08 00:00:00,1.2,1.2,1.1,1.1,460520,506572.00000000006
2016-03-09 00:00:00,1.1,1.1,1.0,1.1,113570,124927.00000000001
2016-03-10 00:00:00,1.1,1.1,1.0,1.1,363600,399960.00000000006
2016-03-11 00:00:00,1.1,1.1,1.0,1.1,126730,139403.0
2016-03-14 00:00:00,1.0,1.1,1.0,1.1,318160,349976.0
2016-03-15 00:00:00,1.1,1.1,1.0,1.1,267020,293722.0
2016-03-16 00:00:00,1.1,1.2,1.1,1.2,1628580,1954296.0
2016-03-17 00:00:00,1.2,1.3,1.1,1.2,509320,611184.0
2016-03-18 00:00:00,1.2,1.2,1.1,1.2,248800,298560.0
2016-03-21 00:00:00,1.2,1.3,1.1,1.2,993670,1192404.0
2016-03-22 00:00:00,1.2,1.3,1.2,1.3,988860,1285518.0
2016-03-23 00:00:00,1.4,1.4,1.4,1.4,179830,251761.99999999997
2016-03-24 00:00:00,1.5,1.5,1.4,1.5,3229720,4844580.0
2016-03-25 00:00:00,1.5,1.6,1.4,1.4,422440,591416.0
2016-03-28 01:00:00,1.4,1.5,1.4,1.5,1368760,2053140.0
2016-03-29 01:00:00,1.6,1.6,1.6,1.6,259320,414912.0
2016-03-30 01:00:00,1.7,1.7,1.7,1.7,102090,173553.0
2016-03-31 01:00:00,1.7,1.8,1.6,1.6,1578640,2525824.0
2016-04-01 01:00:00,1.5,1.6,1.5,1.5,247390,371085.0
2016-04-04 01:00:00,1.4,1.4,1.4,1.4,77860,109004.0
2016-04-05 01:00:00,1.3,1.4,1.3,1.3,1183440,1538472.0
2016-04-06 01:00:00,1.3,1.4,1.3,1.4,722500,1011499.9999999999
2016-04-07 01:00:00,1.4,1.5,1.3,1.4,285920,400288.0
2016-04-08 01:00:00,1.4,1.4,1.3,1.3,443060,575978.0
2016-04-11 01:00:00,1.3,1.4,1.2,1.3,868460,1128998.0
2016-04-12 01:00:00,1.3,1.3,1.2,1.2,203320,243984.0
2016-04-13 01:00:00,1.1,1.2,1.1,1.1,790170,869187.0000000001
2016-04-14 01:00:00,1.1,1.2,1.1,1.2,573360,688032.0
2016-04-15 01:00:00,1.2,1.3,1.2,1.2,342720,411264.0
2016-04-19 01:00:00,1.2,1.2,1.1,1.1,739750,813725.0000000001
2016-04-20 01:00:00,1.2,1.2,1.1,1.1,277630,305393.0
2016-04-21 01:00:00,1.2,1.2,1.1,1.1,243980,268378.0
2016-04-22 01:00:00,1.1,1.1,1.0,1.1,386700,425370.00000000006
2016-04-25 01:00:00,1.1,1.2,1.0,1.1,492860,542146.0
2016-04-26 01:00:00,1.1,1.2,1.1,1.1,262220,288442.0
2016-04-27 01:00:00,1.0,1.2,1.0,1.1,179180,197098.00000000003
2016-04-28 01:00:00,1.1,1.2,1.0,1.1,174430,191873.00000000003
2016-04-29 01:00:00,1.1,1.2,1.1,1.1,141860,156046.0
2016-05-04 01:00:00,1.2,1.2,1.1,1.1,123440,135784.0
2016-05-05 01:00:00,1.1,1.2,1.1,1.2,778300,933960.0
2016-05-06 01:00:00,1.3,1.3,1.1,1.2,264920,317904.0
2016-05-09 01:00:00,1.1,1.2,1.1,1.1,406650,447315.00000000006
2016-05-10 01:00:00,1.0,1.2,1.0,1.1,466140,512754.00000000006
2016-05-11 01:00:00,1.1,1.2,1.1,1.1,86540,95194.00000000001
2016-05-12 01:00:00,1.2,1.2,1.1,1.1,108570,119427.00000000001
2016-05-13 01:00:00,1.1,1.2,1.1,1.2,125090,150108.0
2016-05-16 01:00:00,1.1,1.2,1.1,1.1,187410,206151.00000000003
2016-05-17 01:00:00,1.1,1.1,1.0,1.1,80560,88616.0
2016-05-18 01:00:00,1.1,1.2,1.0,1.1,39800,43780.0
2016-05-19 01:00:00,1.1,1.1,1.0,1.1,245100,269610.0
2016-05-20 01:00:00,1.0,1.1,1.0,1.1,50360,55396.00000000001
2016-05-23 01:00:00,1.1,1.2,1.0,1.1,128460,141306.0
2016-05-24 01:00:00,1.1,1.1,1.0,1.1,65920,72512.0
2016-05-25 01:00:00,1.1,1.1,1.0,1.0,58820,58820.0
2016-05-26 01:00:00,1.1,1.1,1.0,1.1,22960,25256.000000000004
2016-05-27 01:00:00,1.1,1.1,1.1,1.1,99240,109164.00000000001
2016-05-30 01:00:00,1.2,1.2,1.1,1.1,378890,416779.00000000006
2016-05-31 01:00:00,1.1,1.2,1.0,1.1,126860,139546.0
2016-06-01 01:00:00,1.1,1.1,1.1,1.1,41740,45914.00000000001
2016-06-02 01:00:00,1.0,1.0,1.0,1.0,204490,204490.0
2016-06-03 01:00:00,0.9,0.9,0.9,0.9,417210,375489.0
2016-06-06 01:00:00,0.8,0.9,0.8,0.8,2085340,1668272.0
2016-06-07 01:00:00,0.8,0.9,0.7,0.8,1926240,1540992.0
2016-06-08 01:00:00,0.8,0.8,0.8,0.8,0,0.0
2016-06-09 01:00:00,0.8,0.8,0.8,0.8,0,0.0
2016-06-10 01:00:00,0.8,0.8,0.8,0.8,0,0.0
2016-06-13 01:00:00,0.8,0.8,0.8,0.8,0,0.0
2016-06-14 01:00:00,0.8,0.8,0.8,0.8,0,0.0
2016-06-15 01:00:00,0.8,0.8,0.8,0.8,0,0.0
2016-06-16 01:00:00,0.8,0.8,0.8,0.8,0,0.0
2016-06-17 01:00:00,0.8,0.8,0.8,0.8,0,0.0
2016-06-20 01:00:00,0.8,0.8,0.8,0.8,0,0.0
2016-06-21 01:00:00,0.8,0.8,0.8,0.8,0,0.0
2016-06-22 01:00:00,0.8,0.8,0.8,0.8,0,0.0
2016-06-23 01:00:00,0.8,0.8,0.8,0.8,0,0.0
2016-06-24 01:00:00,0.8,0.8,0.8,0.8,0,0.0
2016-06-27 01:00:00,0.8,0.8,0.8,0.8,0,0.0
2016-06-28 01:00:00,0.8,0.8,0.8,0.8,0,0.0
2016-06-29 01:00:00,0.8,0.8,0.8,0.8,0,0.0
2016-06-30 01:00:00,0.8,0.8,0.8,0.8,0,0.0
2016-07-01 01:00:00,0.8,0.8,0.8,0.8,0,0.0
2016-07-04 01:00:00,0.8,0.8,0.8,0.8,0,0.0
2016-07-05 01:00:00,0.8,0.8,0.8,0.8,0,0.0
2016-07-06 01:00:00,0.8,0.8,0.8,0.8,0,0.0
2016-07-07 01:00:00,0.8,0.8,0.8,0.8,0,0.0
2016-07-08 01:00:00,0.8,0.8,0.8,0.8,0,0.0
2016-07-11 01:00:00,0.8,0.8,0.8,0.8,0,0.0
2016-07-12 01:00:00,0.8,0.8,0.8,0.8,0,0.0
2016-07-13 01:00:00,0.8,0.8,0.8,0.8,0,0.0
2016-07-14 01:00:00,0.8,0.8,0.8,0.8,0,0.0
2016-07-15 01:00:00,0.8,0.8,0.8,0.8,0,0.0
2016-07-18 01:00:00,0.8,0.8,0.8,0.8,0,0.0
2016-07-19 01:00:00,0.8,0.8,0.8,0.8,0,0.0
2016-07-20 01:00:00,0.8,0.8,0.8,0.8,0,0.0
2016-07-21 01:00:00,0.8,0.8,0.8,0.8,0,0.0
2016-07-22 01:00:00,0.8,0.8,0.8,0.8,0,0.0
2016-07-25 01:00:00,0.8,0.8,0.8,0.8,0,0.0
2016-07-26 01:00:00,0.8,0.8,0.8,0.8,0,0.0
2016-07-27 01:00:00,0.8,0.8,0.8,0.8,0,0.0
2016-07-28 01:00:00,0.8,0.8,0.8,0.8,0,0.0
2016-07-29 01:00:00,0.8,0.8,0.8,0.8,0,0.0
2016-08-01 01:00:00,0.8,0.8,0.8,0.8,0,0.0
2016-08-02 01:00:00,0.8,0.8,0.8,0.8,0,0.0
2016-08-03 01:00:00,0.8,0.8,0.8,0.8,0,0.0
2016-08-04 01:00:00,0.8,0.8,0.8,0.8,0,0.0
2016-08-05 01:00:00,0.8,0.8,0.8,0.8,0,0.0
2016-08-08 01:00:00,0.8,0.8,0.8,0.8,0,0.0
2016-08-09 01:00:00,0.8,0.8,0.8,0.8,0,0.0
2016-08-10 01:00:00,0.8,0.8,0.8,0.8,0,0.0
2016-08-11 01:00:00,0.8,0.8,0.8,0.8,0,0.0
