time,open,high,low,close,volume,value,foreign_buy_vol,foreign_sell_vol,foreign_buy_val,foreign_sell_val,foreign_room
2021-04-09,13.294,13.294,13.294,13.294,200,2658.8,,,,,
2021-04-12,15.272,15.272,13.61,15.272,29500,450524.0,,,,,
2021-04-13,15.589,15.589,15.193,15.193,2700,41021.1,,,,,
2021-04-14,15.352,15.352,15.352,15.352,600,9211.2,,,,,
2021-04-15,13.452,15.035,13.057,14.956,6500,97214.0,,,,,
2021-04-16,13.057,15.035,13.057,13.057,20900,272891.3,,,,,
2021-04-19,12.186,12.186,12.186,12.186,500,6093.0,,,,,
2021-04-20,13.61,13.61,12.661,12.661,300,3798.3,,,,,
2021-04-22,12.74,12.74,12.503,12.503,5400,67516.2,,,,,
2021-04-23,12.661,12.661,12.661,12.661,100,1266.1,,,,,
2021-04-26,12.503,12.503,11.87,11.87,600,7121.999999999999,,,,,
2021-04-27,11.949,12.661,11.949,12.661,2700,34184.7,,,,,
2021-04-28,12.503,12.503,12.265,12.265,1100,13491.5,,,,,
2021-04-29,12.107,12.107,12.107,12.107,100,1210.6999999999998,,,,,
2021-05-04,11.949,12.107,11.949,12.028,3800,45706.4,,,,,
2021-05-05,12.028,12.028,11.553,11.711,1500,17566.5,,,,,
2021-05-06,11.474,11.474,11.078,11.078,800,8862.4,,,,,
2021-05-07,11.078,11.474,10.999,11.474,1400,16063.6,,,,,
2021-05-10,11.237,11.237,10.92,10.92,600,6552.0,,,,,
2021-05-11,10.682,11.157,10.682,11.157,1000,11157.0,,,,,
2021-05-12,10.682,10.762,10.682,10.762,200,2152.4,,,,,
2021-05-13,10.762,10.841,10.682,10.762,800,8609.6,,,,,
2021-05-14,10.762,11.078,10.762,11.078,900,9970.2,,,,,
2021-05-17,11.078,11.474,11.078,11.395,400,4558.0,,,,,
2021-05-18,11.79,11.79,11.237,11.237,4000,44948.0,,,,,
2021-05-19,11.078,11.157,11.078,11.157,5500,61363.5,,,,,
2021-05-20,11.157,11.157,10.762,10.841,300,3252.3,,,,,
2021-05-21,10.999,10.999,10.524,10.604,1600,16966.399999999998,,,,,
2021-05-24,10.604,10.762,10.604,10.762,400,4304.8,,,,,
2021-05-25,10.682,10.841,10.682,10.841,300,3252.3,,,,,
2021-05-26,10.762,10.999,10.604,10.604,300,3181.2,,,,,
2021-05-27,10.604,10.604,10.287,10.287,1000,10287.0,,,,,
2021-05-28,10.287,10.287,9.733,9.733,400,3893.2,,,,,
2021-05-31,9.891,10.049,9.891,10.049,200,2009.8,,,,,
2021-06-01,10.049,10.287,10.049,10.208,600,6124.8,,,,,
2021-06-02,10.208,10.682,10.208,10.682,200,2136.4,,,,,
2021-06-03,10.682,11.078,10.682,11.078,300,3323.4,,,,,
2021-06-04,11.078,11.078,10.762,10.92,2200,24024.0,,,,,
2021-06-07,10.92,11.474,10.92,11.395,400,4558.0,,,,,
2021-06-08,11.395,11.395,11.078,11.315,300,3394.5,,,,,
2021-06-09,11.315,11.315,10.999,11.078,500,5539.0,,,,,
2021-06-10,11.078,11.078,10.762,10.92,300,3276.0,,,,,
2021-06-11,10.841,11.078,10.682,11.078,300,3323.4,,,,,
2021-06-14,11.078,11.395,11.078,11.315,700,7920.5,,,,,
2021-06-15,11.395,11.87,11.395,11.474,500,5737.0,,,,,
2021-06-16,11.474,11.474,11.078,11.315,300,3394.5,,,,,
2021-06-17,11.315,11.315,11.078,11.078,200,2215.6,,,,,
2021-06-18,11.078,11.315,10.92,11.315,300,3394.5,,,,,
2021-06-21,11.078,11.078,10.841,10.92,300,3276.0,,,,,
2021-06-22,10.92,11.474,10.92,11.315,400,4526.0,,,,,
2021-06-23,11.315,11.632,11.315,11.553,400,4621.200000000001,,,,,
2021-06-24,11.87,12.107,11.87,12.107,200,2421.4,,,,,
2021-06-25,12.107,12.107,11.632,11.79,300,3536.9999999999995,,,,,
2021-06-28,11.79,11.79,11.237,11.237,300,3371.1,,,,,
2021-06-29,11.237,11.237,10.92,10.92,200,2184.0,,,,,
2021-06-30,10.92,10.92,10.604,10.841,300,3252.3,,,,,
2021-07-01,10.841,11.157,10.841,11.078,500,5539.0,,,,,
2021-07-02,11.078,11.237,11.078,11.237,800,8989.6,,,,,
2021-07-05,11.237,11.315,11.157,11.157,300,3347.1,,,,,
2021-07-06,11.237,11.237,11.237,11.237,100,1123.7,,,,,
2021-07-07,11.078,11.078,10.999,10.999,500,5499.5,,,,,
2021-07-08,10.999,10.999,10.287,10.604,300,3181.2,,,,,
2021-07-09,10.604,10.604,10.287,10.524,300,3157.2,,,,,
2021-07-12,10.524,10.524,10.287,10.287,200,2057.4,,,,,
2021-07-13,10.287,10.682,10.287,10.682,300,3204.6,,,,,
2021-07-14,10.524,10.524,10.366,10.446,300,3133.8,,,,,
2021-07-15,10.446,10.446,9.971,10.287,300,3086.1000000000004,,,,,
2021-07-16,10.287,10.366,10.287,10.366,200,2073.2,,,,,
2021-07-19,10.366,10.446,10.366,10.446,200,2089.2,,,,,
2021-07-20,10.446,10.446,10.287,10.287,200,2057.4,,,,,
2021-07-21,10.287,10.366,10.208,10.287,400,4114.8,,,,,
2021-07-22,10.287,10.366,10.287,10.366,200,2073.2,,,,,
2021-07-23,10.366,10.366,10.366,10.366,100,1036.6,,,,,
2021-07-26,10.366,10.446,10.366,10.446,200,2089.2,,,,,
2021-07-27,10.446,10.446,10.287,10.366,300,3109.8,,,,,
2021-07-28,10.366,10.366,10.287,10.287,200,2057.4,,,,,
2021-07-29,10.287,10.604,10.287,10.604,200,2120.8,,,,,
2021-07-30,10.604,10.604,10.446,10.446,400,4178.4,,,,,
2021-08-02,10.446,10.446,9.891,10.129,4100,41528.9,,,,,
2021-08-03,10.129,10.287,10.129,10.208,4700,47977.6,,,,,
2021-08-04,10.208,10.208,9.971,10.049,5300,53259.7,,,,,
2021-08-05,10.049,10.049,9.813,9.891,5100,50444.1,,,,,
2021-08-06,9.891,10.129,9.891,10.049,3800,38186.2,,,,,
2021-08-09,10.049,10.049,9.813,9.891,4000,39564.0,,,,,
2021-08-10,9.891,10.049,9.891,9.971,3700,36892.7,,,,,
2021-08-11,9.971,9.971,9.813,9.891,8200,81106.2,,,,,
2021-08-12,9.891,9.891,9.733,9.733,5100,49638.3,,,,,
2021-08-13,9.733,9.971,9.654,9.971,9600,95721.6,,,,,
2021-08-16,9.891,9.971,9.891,9.971,7500,74782.5,,,,,
2021-08-17,9.971,10.049,9.891,9.971,5500,54840.5,,,,,
2021-08-18,9.971,9.971,9.654,9.733,12300,119715.9,,,,,
2021-08-19,9.733,9.733,9.575,9.654,5600,54062.4,,,,,
2021-08-20,9.733,9.813,9.654,9.654,5400,52131.6,,,,,
2021-08-23,9.654,9.733,9.496,9.496,7200,68371.2,,,,,
2021-08-24,9.496,9.654,9.417,9.417,8200,77219.4,,,,,
2021-08-25,9.417,9.575,9.417,9.575,8600,82345.0,,,,,
2021-08-26,9.575,9.575,9.417,9.575,7900,75642.5,,,,,
2021-08-27,9.575,9.654,9.496,9.575,10100,96707.5,,,,,
2021-08-30,9.575,9.733,9.496,9.733,7200,70077.6,,,,,
2021-08-31,9.733,9.813,9.575,9.654,6500,62751.0,,,,,
2021-09-01,9.654,9.733,9.575,9.654,6800,65647.2,,,,,
2021-09-06,9.654,9.733,9.496,9.733,9000,87597.0,,,,,
2021-09-07,9.733,10.129,9.654,10.129,13800,139780.19999999998,,,,,
2021-09-08,10.287,10.524,10.287,10.446,8900,92969.4,,,,,
2021-09-09,10.446,10.446,9.971,10.049,6900,69338.09999999999,,,,,
2021-09-10,10.049,10.129,9.971,9.971,7800,77773.8,,,,,
2021-09-13,9.971,10.129,9.733,10.049,5900,59289.1,,,,,
2021-09-14,10.049,10.208,10.049,10.049,7600,76372.4,,,,,
2021-09-15,10.049,10.287,9.971,10.287,8200,84353.40000000001,,,,,
2021-09-16,10.287,10.366,10.049,10.208,8300,84726.40000000001,,,,,
2021-09-17,10.208,10.366,10.049,10.287,6100,62750.7,,,,,
2021-09-20,10.287,11.078,10.208,11.078,13500,149553.0,,,,,
2021-09-21,11.078,11.078,10.446,10.604,6300,66805.2,,,,,
2021-09-22,10.604,10.92,10.446,10.841,8100,87812.09999999999,,,,,
2021-09-23,10.841,10.999,10.841,10.999,6000,65994.0,,,,,
2021-09-24,10.999,10.999,10.524,10.682,8100,86524.2,,,,,
2021-09-27,10.682,10.682,9.971,10.208,11200,114329.6,,,,,
2021-09-28,10.208,10.208,9.417,9.496,10700,101607.2,,,,,
2021-09-29,9.496,9.496,8.309,9.1,4500,40950.0,,,,,
2021-09-30,8.942,8.942,8.942,8.942,100,894.2,,,,,
2021-10-01,8.942,9.1,8.704,8.704,2300,20019.2,,,,,
2021-10-04,8.863,9.1,8.784,8.863,600,5317.799999999999,,,,,
2021-10-05,8.942,9.1,8.942,9.1,400,3640.0,,,,,
2021-10-06,9.021,9.1,8.942,8.942,1600,14307.2,,,,,
2021-10-07,8.942,9.1,8.863,9.1,3900,35490.0,,,,,
2021-10-08,8.942,9.021,8.863,9.021,2800,25258.800000000003,,,,,
2021-10-11,9.021,9.179,8.942,9.179,1500,13768.5,,,,,
2021-10-12,9.1,9.496,9.1,9.338,2200,20543.6,,,,,
2021-10-13,9.388,9.629,9.388,9.629,2300,22146.7,,,,,
2021-10-14,9.468,9.468,9.228,9.228,1100,10150.8,,,,,
2021-10-15,9.228,9.468,8.987,8.987,2700,24264.9,,,,,
2021-10-18,8.987,9.228,8.987,9.228,7100,65518.8,,,,,
2021-10-19,9.228,9.228,8.907,8.987,3300,29657.1,,,,,
2021-10-20,8.826,8.987,8.826,8.907,4100,36518.7,,,,,
2021-10-21,9.067,9.067,8.746,8.746,6200,54225.2,,,,,
2021-10-22,8.746,8.826,8.425,8.826,9301,82090.626,,,,,
2021-10-25,8.826,8.907,8.586,8.586,5900,50657.4,,,,,
2021-10-26,8.425,8.746,8.425,8.746,4900,42855.4,,,,,
2021-10-27,8.425,8.505,8.425,8.505,2400,20412.000000000004,,,,,
2021-10-28,8.425,8.586,8.184,8.586,4100,35202.6,,,,,
2021-10-29,8.265,8.265,8.184,8.265,2700,22315.5,,,,,
2021-11-01,8.184,8.265,8.184,8.265,4500,37192.5,,,,,
2021-11-02,8.265,8.345,8.265,8.345,3800,31711.000000000004,,,,,
2021-11-03,8.586,8.586,8.425,8.505,2800,23814.000000000004,,,,,
2021-11-04,8.345,8.505,8.265,8.505,3100,26365.500000000004,,,,,
2021-11-05,8.505,8.505,8.425,8.505,800,6804.000000000001,,,,,
2021-11-08,8.425,8.826,8.425,8.826,1600,14121.6,,,,,
2021-11-09,8.826,8.826,8.345,8.505,1400,11907.000000000002,,,,,
2021-11-10,8.425,8.425,8.425,8.425,2600,21905.000000000004,,,,,
2021-11-11,8.586,9.067,8.586,8.987,3400,30555.8,,,,,
2021-11-12,8.907,9.308,8.907,9.308,1800,16754.4,,,,,
2021-11-15,9.388,9.709,9.388,9.709,2800,27185.2,,,,,
2021-11-16,9.228,9.629,9.147,9.147,5200,47564.4,,,,,
2021-11-17,9.147,9.629,9.147,9.308,3200,29785.6,,,,,
2021-11-18,9.388,9.709,9.388,9.709,4400,42719.6,,,,,
2021-11-19,9.228,9.228,9.147,9.147,4300,39332.1,,,,,
2021-11-22,9.228,9.228,8.826,8.987,6200,55719.4,,,,,
2021-11-23,8.987,9.147,8.907,9.147,4200,38417.4,,,,,
2021-11-24,9.067,9.308,8.987,9.228,4500,41526.0,,,,,
2021-11-25,9.228,9.228,8.987,9.147,2900,26526.3,,,,,
2021-11-26,9.147,9.147,8.907,8.987,1900,17075.3,,,,,
2021-11-29,8.987,9.147,8.987,9.067,5200,47148.4,,,,,
2021-11-30,9.067,9.87,9.067,9.308,2800,26062.4,,,,,
2021-12-01,9.709,9.709,8.987,9.067,3000,27201.0,,,,,
2021-12-02,9.067,9.067,8.987,8.987,2100,18872.7,,,,,
2021-12-03,8.987,8.987,8.907,8.987,1300,11683.1,,,,,
2021-12-06,8.987,8.987,8.907,8.907,1500,13360.5,,,,,
2021-12-07,9.067,9.308,8.987,9.308,3200,29785.6,,,,,
2021-12-08,9.147,9.147,9.067,9.067,2000,18134.0,,,,,
2021-12-09,9.147,9.308,8.987,9.067,5300,48055.1,,,,,
2021-12-10,9.067,9.067,8.907,8.907,1700,15141.9,,,,,
2021-12-13,8.907,9.067,8.907,9.067,5300,48055.1,,,,,
2021-12-14,9.067,9.067,8.907,8.987,2100,18872.7,,,,,
2021-12-15,8.987,9.147,8.826,9.147,3300,30185.1,,,,,
2021-12-16,8.987,9.228,8.024,9.228,42700,394035.6,,,,,
2021-12-17,9.228,9.308,8.826,9.308,9000,83772.0,,,,,
2021-12-20,9.308,9.629,9.067,9.629,5400,51996.6,,,,,
2021-12-21,9.629,9.629,9.147,9.549,3800,36286.2,,,,,
2021-12-22,9.549,9.549,9.147,9.308,4200,39093.6,,,,,
2021-12-23,9.308,9.308,9.067,9.147,3900,35673.3,,,,,
2021-12-24,9.147,9.308,9.147,9.228,3100,28606.8,,,,,
2021-12-27,9.228,9.308,9.147,9.308,7200,67017.6,,,,,
2021-12-28,9.308,9.468,9.308,9.308,5400,50263.2,,,,,
2021-12-29,9.388,9.388,9.308,9.308,2400,22339.2,,,,,
2021-12-30,9.308,9.308,9.308,9.308,5100,47470.8,,,,,
2021-12-31,9.308,9.388,9.308,9.388,5900,55389.2,,,,,
2022-01-04,9.388,9.388,9.388,9.388,2600,24408.8,,,,,
2022-01-05,9.388,9.388,9.228,9.308,4900,45609.2,,,,,
2022-01-06,9.308,9.549,9.308,9.388,5000,46940.0,,,,,
2022-01-07,9.388,9.388,9.067,9.228,111900,1032613.2,,,,,
2022-01-10,9.228,9.468,9.228,9.388,3700,34735.6,,,,,
2022-01-11,9.388,9.388,9.147,9.147,3200,29270.4,,,,,
2022-01-12,9.147,9.388,7.864,9.147,10200,93299.4,,,,,
2022-01-13,9.147,9.308,8.987,9.308,4200,39093.6,,,,,
2022-01-14,9.308,9.308,9.147,9.228,1700,15687.6,,,,,
2022-01-17,9.228,9.228,8.987,9.147,3900,35673.3,,,,,
2022-01-18,9.147,9.468,8.826,9.228,4700,43371.6,,,,,
2022-01-19,9.147,9.228,9.067,9.147,5100,46649.7,,,,,
2022-01-20,9.147,9.308,9.147,9.308,1600,14892.8,,,,,
2022-01-21,9.308,9.468,9.308,9.308,2500,23270.0,,,,,
2022-01-24,9.308,9.308,9.147,9.228,1900,17533.2,,,,,
2022-01-25,9.228,9.388,9.228,9.388,2100,19714.8,,,,,
2022-01-26,9.308,9.468,9.308,9.388,3300,30980.4,,,,,
2022-01-27,9.388,9.549,9.388,9.468,4400,41659.2,,,,,
2022-01-28,9.468,9.468,9.388,9.388,3100,29102.8,,,,,
2022-02-07,9.388,10.03,9.388,9.629,6000,57774.0,,,,,
2022-02-08,9.629,9.95,9.629,9.789,4000,39156.0,,,,,
2022-02-09,9.789,9.95,9.709,9.789,4100,40134.9,,,,,
2022-02-10,9.87,9.87,9.629,9.709,2900,28156.1,,,,,
2022-02-11,9.709,9.789,9.468,9.709,2600,25243.4,,,,,
2022-02-14,9.709,9.95,9.709,9.789,5900,57755.1,,,,,
2022-02-15,9.789,9.789,9.549,9.549,3400,32466.6,,,,,
2022-02-16,9.549,9.629,9.468,9.629,102100,983120.9,,,,,
2022-02-17,9.468,9.549,9.468,9.549,1700,16233.3,,,,,
2022-02-18,9.468,9.629,9.468,9.549,1300,12413.7,,,,,
2022-02-21,9.468,9.629,8.826,9.629,102700,988898.3,,,,,
2022-02-22,9.549,9.549,9.468,9.549,4200,40105.8,,,,,
2022-02-23,9.549,9.549,9.468,9.468,2200,20829.6,,,,,
2022-02-24,9.549,9.629,9.468,9.468,1200,11361.6,,,,,
2022-02-25,9.549,9.87,9.549,9.87,5000,49349.99999999999,,,,,
2022-02-28,9.87,9.95,9.709,9.87,4600,45402.0,,,,,
2022-03-01,9.789,9.95,9.789,9.87,2100,20727.0,,,,,
2022-03-02,9.87,9.95,9.87,9.95,3500,34825.0,,,,,
2022-03-03,9.95,9.95,9.95,9.95,3900,38805.0,,,,,
2022-03-04,9.95,10.19,9.95,10.19,4400,44836.0,,,,,
2022-03-07,10.19,11.073,10.11,10.672,57400,612572.8,,,,,
2022-03-08,10.832,10.832,10.592,10.752,7500,80640.0,,,,,
2022-03-09,10.752,10.913,10.03,10.03,31000,310930.0,,,,,
2022-03-10,10.03,10.03,9.629,9.789,22400,219273.6,,,,,
2022-03-11,9.789,10.351,9.789,10.271,8900,91411.9,,,,,
2022-03-14,10.271,10.271,9.629,9.95,6400,63679.99999999999,,,,,
2022-03-15,9.95,10.993,9.468,9.709,8400,81555.59999999999,,,,,
2022-03-16,9.709,9.709,9.629,9.709,2400,23301.6,,,,,
2022-03-17,9.709,9.87,9.629,9.789,3300,32303.7,,,,,
2022-03-18,9.709,9.709,9.228,9.549,12600,120317.4,,,,,
2022-03-21,9.629,9.629,9.308,9.468,4300,40712.4,,,,,
2022-03-22,9.629,9.629,9.308,9.629,101400,976380.6,,,,,
2022-03-23,9.629,9.87,9.308,9.709,12600,122333.4,,,,,
2022-03-24,9.388,9.629,9.308,9.629,6100,58736.9,,,,,
2022-03-25,9.388,9.468,9.228,9.228,600,5536.8,,,,,
2022-03-28,9.388,9.87,8.425,9.468,241600,2287468.8,,,,,
2022-03-29,8.826,9.709,8.826,9.709,15820,153596.38,,,,,
2022-03-30,9.95,10.511,9.709,10.431,477300,4978716.3,,,,,
2022-03-31,9.87,11.314,9.87,11.314,136000,1538704.0,,,,,
2022-04-01,12.919,12.919,11.876,12.919,24520,316773.88,,,,,
2022-04-04,12.919,14.604,12.919,12.919,28400,366899.6,,,,,
2022-04-05,12.919,12.919,12.437,12.517,110100,1378121.7,,,,,
2022-04-06,12.357,12.357,10.832,10.913,7800,85121.40000000001,,,,,
2022-04-07,10.993,10.993,10.271,10.271,5000,51355.00000000001,,,,,
2022-04-08,10.511,10.511,9.629,9.709,7100,68933.9,,,,,
2022-04-12,10.431,10.913,10.431,10.913,15200,165877.6,,,,,
2022-04-13,10.511,12.036,10.511,11.715,12600,147609.0,,,,,
2022-04-14,10.993,11.394,10.913,11.314,27301,308883.514,,,,,
2022-04-15,11.234,11.234,10.993,11.073,17600,194884.8,,,,,
2022-04-18,11.073,11.394,11.073,11.234,8800,98859.2,,,,,
2022-04-19,11.153,11.795,11.153,11.795,10400,122668.0,,,,,
2022-04-20,11.314,11.314,10.672,11.073,10400,115159.2,,,,,
2022-04-21,11.0,12.6,11.0,12.6,33900,427140.0,,,,,
2022-04-22,14.1,14.1,12.5,12.9,9600,123840.0,,,,,
2022-04-25,13.0,13.6,12.7,13.4,19700,263980.0,,,,,
2022-04-26,13.2,13.4,12.5,13.0,16000,208000.0,,,,,
2022-04-27,13.0,13.0,12.4,12.8,17800,227840.0,,,,,
2022-04-28,12.8,13.0,12.7,12.9,38900,501810.0,,,,,
2022-04-29,12.8,13.0,12.8,12.9,95400,1230660.0,,,,,
2022-05-04,13.0,13.0,12.7,12.9,62500,806250.0,,,,,
2022-05-05,13.0,14.8,12.8,14.8,20000,296000.0,,,,,
2022-05-06,14.7,14.7,13.0,14.5,15300,221850.0,,,,,
2022-05-09,14.5,14.5,13.9,14.0,7600,106400.0,,,,,
2022-05-10,14.0,14.0,13.6,13.8,9300,128340.0,,,,,
2022-05-11,13.8,13.8,13.3,13.7,15800,216460.0,,,,,
2022-05-12,13.7,13.7,11.7,13.5,53100,716850.0,,,,,
2022-05-13,13.3,13.4,12.5,13.0,3600,46800.0,,,,,
2022-05-16,13.0,14.0,13.0,13.8,5100,70380.0,,,,,
2022-05-17,13.8,13.8,13.4,13.8,7500,103500.0,,,,,
2022-05-18,13.8,14.0,11.7,13.5,111800,1509300.0,,,,,
2022-05-19,13.0,13.2,12.7,13.2,5900,77880.0,,,,,
2022-05-20,13.2,13.5,13.2,13.5,6300,85050.0,,,,,
2022-05-23,13.5,13.7,13.0,13.7,5400,73980.0,,,,,
2022-05-24,13.6,13.6,12.8,13.0,6300,81900.0,,,,,
2022-05-25,13.4,13.4,12.5,13.4,170900,2290060.0,,,,,
2022-05-26,13.4,13.4,12.9,13.1,9400,123140.0,,,,,
2022-05-27,13.1,13.1,12.7,13.1,6400,83840.0,,,,,
2022-05-30,13.1,13.3,12.5,13.0,10800,140400.0,,,,,
2022-05-31,13.0,13.1,12.8,13.1,101300,1327030.0,,,,,
2022-06-01,13.0,13.1,13.0,13.1,95600,1252360.0,,,,,
2022-06-02,13.0,13.1,13.0,13.0,10300,133900.0,,,,,
2022-06-03,13.0,13.3,13.0,13.1,9700,127070.0,,,,,
2022-06-06,13.1,13.3,13.0,13.2,4600,60720.0,,,,,
2022-06-07,13.2,13.5,12.8,12.8,7900,101120.0,,,,,
2022-06-08,13.3,13.3,13.0,13.3,414700,5515510.0,,,,,
2022-06-09,13.3,13.3,13.0,13.2,9200,121440.0,,,,,
2022-06-10,13.2,13.4,13.1,13.1,13700,179470.0,,,,,
2022-06-13,13.1,13.1,12.0,13.0,104100,1353300.0,,,,,
2022-06-14,13.0,13.0,12.6,13.0,219200,2849600.0,,,,,
2022-06-15,13.0,13.0,12.8,12.8,264900,3390720.0,,,,,
2022-06-16,13.0,13.0,11.9,12.8,260600,3335680.0,,,,,
2022-06-17,12.8,12.8,12.6,12.7,2200,27940.0,,,,,
2022-06-20,12.7,12.7,12.5,12.7,15300,194310.0,,,,,
2022-06-21,12.7,12.9,11.9,12.9,40100,517290.0,,,,,
2022-06-22,12.9,12.9,12.7,12.7,2508,31851.6,,,,,
2022-06-23,12.7,12.8,12.7,12.7,10300,130810.0,,,,,
2022-06-24,12.7,12.7,11.6,12.6,36024,453902.4,,,,,
2022-06-27,12.6,12.6,12.5,12.5,3500,43750.0,,,,,
2022-06-28,12.5,12.5,12.3,12.5,5200,65000.0,,,,,
2022-06-29,12.5,12.6,12.5,12.6,7700,97020.0,,,,,
2022-06-30,12.6,13.0,12.0,12.7,35400,449580.0,,,,,
2022-07-01,12.7,12.7,12.5,12.7,4332,55016.4,,,,,
2022-07-04,12.7,13.0,12.7,13.0,91400,1188200.0,,,,,
2022-07-05,13.0,13.0,12.7,12.9,140344,1810437.6,,,,,
2022-07-06,12.9,12.9,12.5,12.8,201300,2576640.0,,,,,
2022-07-07,12.8,12.9,12.4,12.7,4800,60960.0,,,,,
2022-07-08,12.7,13.0,12.6,13.0,69300,900900.0,,,,,
2022-07-11,13.0,13.0,12.7,12.7,2100,26670.0,,,,,
2022-07-12,12.7,12.9,12.1,12.8,30500,390400.0,,,,,
2022-07-13,12.8,12.8,12.6,12.6,2600,32760.0,,,,,
2022-07-14,12.6,12.6,12.5,12.5,2000,25000.0,,,,,
2022-07-15,12.5,12.8,12.0,12.8,53556,685516.8,,,,,
2022-07-18,12.8,12.8,12.5,12.8,73900,945920.0,,,,,
2022-07-19,12.8,12.8,12.5,12.8,5202,66585.6,,,,,
2022-07-20,12.8,12.8,12.0,12.7,28100,356870.0,,,,,
2022-07-21,12.7,12.7,12.5,12.5,3900,48750.0,,,,,
2022-07-22,12.5,12.7,12.5,12.6,4300,54180.0,,,,,
2022-07-25,12.6,14.0,12.3,13.5,35086,473661.0,,,,,
2022-07-26,13.5,13.5,13.0,13.2,11308,149265.6,,,,,
2022-07-27,13.2,13.6,13.2,13.3,3406,45299.8,,,,,
2022-07-28,13.3,13.4,12.4,13.3,22100,293930.0,,,,,
2022-07-29,13.3,13.3,12.9,13.1,80800,1058480.0,,,,,
2022-08-01,13.1,13.1,12.8,13.1,5948,77918.8,,,,,
2022-08-02,13.1,13.3,12.8,13.3,200640,2668512.0,,,,,
2022-08-03,13.3,13.3,12.8,12.8,204000,2611200.0,,,,,
2022-08-04,12.8,13.2,12.2,13.2,22400,295680.0,,,,,
2022-08-05,13.2,13.2,12.9,13.2,4925,65010.0,,,,,
2022-08-08,13.2,13.2,13.0,13.0,4200,54600.0,,,,,
2022-08-09,13.0,13.1,13.0,13.1,1416,18549.6,,,,,
2022-08-10,13.1,13.1,12.6,13.0,5500,71500.0,,,,,
2022-08-11,13.0,13.0,12.6,12.8,81424,1042227.2,,,,,
2022-08-12,12.8,13.5,12.8,13.2,6300,83160.0,,,,,
2022-08-15,13.2,13.5,12.7,12.9,8807,113610.3,,,,,
2022-08-16,12.9,13.4,12.7,13.4,49124,658261.6,,,,,
2022-08-29,13.3,13.5,12.9,13.3,272300,3621590.0,,,,,
2022-08-30,13.3,13.4,13.2,13.3,251100,3339630.0,,,,,
2022-08-31,13.3,13.3,12.7,12.8,104900,1342720.0,,,,,
2022-09-05,12.8,12.9,12.7,12.9,37479,483479.1,,,,,
2022-09-06,12.9,12.9,12.5,12.7,26600,337820.0,,,,,
2022-09-07,12.7,12.7,12.3,12.7,205600,2611120.0,,,,,
2022-09-08,12.7,12.7,11.5,12.3,5500,67650.0,,,,,
2022-09-09,12.3,12.3,12.0,12.0,213700,2564400.0,,,,,
2022-09-12,13.0,13.0,12.7,12.7,93202,1183665.4,,,,,
2022-09-13,12.7,13.0,12.3,12.7,141912,1802282.4,,,,,
2022-09-14,12.7,12.7,12.4,12.4,65384,810761.6,,,,,
2022-09-15,12.5,12.6,12.3,12.6,24072,303307.2,,,,,
2022-09-16,12.8,12.8,12.3,12.8,32300,413440.0,,,,,
2022-09-19,12.8,12.8,12.3,12.6,7980,100548.0,,,,,
2022-09-20,13.0,13.0,12.6,12.6,719800,9069480.0,,,,,
2022-09-21,12.8,12.8,12.6,12.8,10900,139520.0,,,,,
2022-09-22,12.8,14.0,12.8,14.0,1160,16240.0,,,,,
2022-09-23,14.0,14.0,12.6,13.0,4720,61360.0,,,,,
2022-09-26,13.0,13.0,12.9,12.9,2900,37410.0,,,,,
2022-09-27,12.9,12.9,12.9,12.9,3500,45150.0,,,,,
2022-09-28,13.0,13.0,12.9,12.9,3600,46440.0,,,,,
2022-09-29,12.8,12.8,12.8,12.8,2600,33280.0,,,,,
2022-09-30,13.1,13.1,13.0,13.0,3300,42900.0,,,,,
2022-10-03,13.0,13.0,12.5,12.6,830201,10460532.6,,,,,
2022-10-04,12.6,12.9,12.5,12.8,14100,180480.0,,,,,
2022-10-05,12.6,12.9,12.5,12.5,233360,2917000.0,,,,,
2022-10-06,12.5,12.8,12.5,12.8,13400,171520.0,,,,,
2022-10-07,12.7,12.7,12.7,12.7,2800,35560.0,,,,,
2022-10-10,12.7,12.7,12.6,12.6,11920,150192.0,,,,,
2022-10-11,12.7,12.7,11.5,12.7,378037,4801069.899999999,,,,,
2022-10-12,12.7,12.9,12.7,12.9,8000,103200.0,,,,,
2022-10-13,12.9,13.0,12.7,13.0,111400,1448200.0,,,,,
2022-10-14,13.0,13.0,12.8,13.0,208000,2704000.0,,,,,
2022-10-17,13.0,13.0,12.9,12.9,167100,2155590.0,,,,,
2022-10-18,13.0,13.0,12.8,13.0,68400,889200.0,,,,,
2022-10-19,13.0,14.2,12.5,13.1,102342,1340680.2,,,,,
2022-10-20,13.0,13.0,12.8,13.0,301700,3922100.0,,,,,
2022-10-21,13.0,13.3,13.0,13.3,10802,143666.6,,,,,
2022-10-24,13.3,13.3,13.3,13.3,100,1330.0,,,,,
2022-10-25,13.3,13.3,12.8,13.3,170600,2268980.0,,,,,
2022-10-26,13.3,13.4,12.8,13.4,7217,96707.8,,,,,
2022-10-27,13.4,14.0,12.8,13.5,119400,1611900.0,,,,,
2022-10-28,13.5,13.5,12.9,13.0,133700,1738100.0,,,,,
2022-10-31,13.0,13.5,13.0,13.5,200,2700.0,,,,,
2022-11-01,13.5,13.5,13.5,13.5,200,2700.0,,,,,
2022-11-02,13.5,13.5,12.8,13.5,210700,2844450.0,,,,,
2022-11-03,13.5,13.5,13.0,13.4,100300,1344020.0,,,,,
2022-11-04,13.4,13.4,12.9,13.3,314000,4176200.0,,,,,
2022-11-07,13.3,13.3,12.9,13.2,901,11893.2,,,,,
2022-11-08,13.2,13.2,13.2,13.2,200,2640.0,,,,,
2022-11-09,13.2,13.2,13.0,13.0,60900,791700.0,,,,,
2022-11-10,13.0,13.0,12.9,13.0,10700,139100.0,,,,,
2022-11-11,13.0,13.4,12.8,13.4,149500,2003300.0,,,,,
2022-11-14,13.4,13.4,13.1,13.3,275200,3660160.0,,,,,
2022-11-15,13.3,13.4,13.1,13.4,291140,3901276.0,,,,,
2022-11-16,13.4,13.4,13.0,13.0,40900,531700.0,,,,,
2022-11-17,13.5,13.5,12.6,13.5,312400,4217400.0,,,,,
2022-11-18,13.4,13.4,12.7,13.4,3300,44220.0,,,,,
2022-11-21,13.4,13.4,12.5,13.4,6400,85760.0,,,,,
2022-11-22,13.4,13.5,12.3,13.5,1200,16200.0,,,,,
2022-11-23,13.5,13.5,13.0,13.5,24600,332100.0,,,,,
2022-11-24,13.5,13.5,12.6,13.3,306900,4081770.0,,,,,
2022-11-25,13.3,13.3,12.6,13.0,23400,304200.0,,,,,
2022-11-28,13.0,13.1,11.8,11.8,191100,2254980.0,,,,,
2022-11-29,12.9,12.9,12.3,12.9,306700,3956430.0,,,,,
2022-11-30,12.6,13.6,12.1,13.4,204101,2734953.4,,,,,
2022-12-01,13.3,13.3,12.2,13.0,42534,552942.0,,,,,
2022-12-02,12.9,13.0,12.4,13.0,41400,538200.0,,,,,
2022-12-05,13.0,13.0,12.7,12.8,19800,253440.0,,,,,
2022-12-06,12.8,12.8,12.7,12.8,60100,769280.0,,,,,
2022-12-07,12.8,12.8,12.5,12.6,30500,384300.0,,,,,
2022-12-08,12.6,12.8,12.6,12.8,88400,1131520.0,,,,,
2022-12-09,12.8,12.8,12.6,12.7,150200,1907540.0,,,,,
2022-12-12,12.7,12.8,12.5,12.6,90100,1135260.0,,,,,
2022-12-13,12.6,12.7,12.6,12.6,64100,807660.0,,,,,
2022-12-14,12.6,12.7,12.6,12.7,800,10160.0,,,,,
2022-12-15,12.7,12.7,12.5,12.6,80500,1014300.0,,,,,
2022-12-16,12.6,12.6,12.6,12.6,300,3780.0,,,,,
2022-12-19,12.6,12.7,12.5,12.5,364124,4551550.0,,,,,
2022-12-20,12.5,12.6,12.5,12.6,20200,254520.0,,,,,
2022-12-21,12.6,12.6,12.4,12.6,57200,720720.0,,,,,
2022-12-22,12.6,12.6,12.3,12.6,171000,2154600.0,,,,,
2022-12-23,12.6,12.6,12.6,12.6,600,7560.0,,,,,
2022-12-26,12.6,12.7,12.6,12.7,800,10160.0,,,,,
2022-12-27,12.7,12.7,12.5,12.7,56000,711200.0,,,,,
2022-12-28,12.7,12.7,12.4,12.7,380,4826.0,,,,,
2022-12-29,12.7,12.7,12.3,12.6,121050,1525230.0,,,,,
2022-12-30,12.6,12.6,12.6,12.6,200,2520.0,,,,,
2023-01-03,12.6,12.6,12.6,12.6,200,2520.0,,,,,
2023-01-04,12.6,12.6,12.3,12.6,171000,2154600.0,,,,,
2023-01-05,12.6,12.8,12.6,12.8,200,2560.0,,,,,
2023-01-06,12.8,12.8,12.8,12.8,3300,42240.0,,,,,
2023-01-09,12.8,12.8,12.7,12.8,54000,691200.0,,,,,
2023-01-10,12.8,12.8,12.5,12.8,180400,2309120.0,,,,,
2023-01-11,12.8,12.8,12.8,12.8,100,1280.0,,,,,
2023-01-12,12.8,12.8,12.6,12.8,342100,4378880.0,,,,,
2023-01-13,12.8,12.8,12.7,12.7,700,8890.0,,,,,
2023-01-16,12.7,12.8,12.7,12.8,200,2560.0,,,,,
2023-01-17,12.8,12.9,12.7,12.9,59900,772710.0,,,,,
2023-01-18,12.9,13.0,12.9,13.0,248,3224.0,,,,,
2023-01-19,13.0,13.0,13.0,13.0,100,1300.0,,,,,
2023-01-27,13.0,13.1,13.0,13.1,200,2620.0,,,,,
2023-01-30,13.1,13.1,12.9,13.1,89735,1175528.5,,,,,
2023-01-31,13.1,13.1,13.0,13.1,3400,44540.0,,,,,
2023-02-01,13.1,13.1,12.9,13.0,21700,282100.0,,,,,
2023-02-02,13.0,13.1,12.8,13.1,159100,2084210.0,,,,,
2023-02-03,13.1,13.1,12.9,13.1,18100,237110.0,,,,,
2023-02-06,13.1,13.1,13.0,13.0,20500,266500.0,,,,,
2023-02-07,13.0,13.0,12.1,12.9,59000,761100.0,,,,,
2023-02-08,12.9,13.0,12.8,12.9,61800,797220.0,,,,,
2023-02-09,12.9,12.9,12.3,12.7,54300,689610.0,,,,,
2023-02-10,12.8,12.8,12.1,12.8,141600,1812480.0,,,,,
2023-02-13,12.8,13.0,12.8,13.0,8300,107900.0,,,,,
2023-02-14,13.0,13.1,12.2,13.1,54300,711330.0,,,,,
2023-02-15,13.1,13.2,13.0,13.2,47600,628320.0,,,,,
2023-02-16,13.2,13.3,13.1,13.3,3600,47880.0,,,,,
2023-02-17,13.3,13.3,13.2,13.3,8600,114380.0,,,,,
2023-02-20,13.3,13.3,13.0,13.0,14100,183300.0,,,,,
2023-02-21,13.0,13.1,12.5,13.1,102400,1341440.0,,,,,
2023-02-22,13.1,13.1,13.0,13.1,2700,35370.0,,,,,
2023-02-23,13.1,13.1,12.9,12.9,20300,261870.0,,,,,
2023-02-24,12.9,13.0,12.8,12.9,6091,78573.90000000001,,,,,
2023-02-27,12.9,13.1,12.9,13.0,4200,54600.0,,,,,
2023-02-28,13.0,13.2,13.0,13.2,94200,1243440.0,,,,,
2023-03-01,13.2,13.5,13.0,13.5,641400,8658900.0,,,,,
2023-03-02,13.5,13.6,13.4,13.5,5400,72900.0,,,,,
2023-03-03,13.5,13.6,13.5,13.6,3400,46240.0,,,,,
2023-03-06,13.6,13.6,13.5,13.6,3100,42160.0,,,,,
2023-03-07,13.6,13.7,13.5,13.6,9400,127840.0,,,,,
2023-03-08,13.6,13.6,13.5,13.5,46500,627750.0,,,,,
2023-03-09,13.5,13.7,13.5,13.7,13100,179470.0,,,,,
2023-03-10,13.7,13.7,13.6,13.6,50400,685440.0,,,,,
2023-03-13,13.6,13.6,13.4,13.5,348300,4702050.0,,,,,
2023-03-14,13.5,13.5,13.2,13.4,7800,104520.0,,,,,
2023-03-15,13.4,13.4,13.3,13.4,3500,46900.0,,,,,
2023-03-16,13.4,13.5,13.4,13.4,12100,162140.0,,,,,
2023-03-17,13.4,13.5,13.4,13.5,3900,52650.0,,,,,
2023-03-20,13.5,13.6,13.4,13.5,117000,1579500.0,,,,,
2023-03-21,13.5,13.6,13.5,13.6,4313,58656.8,,,,,
2023-03-22,13.6,13.7,13.5,13.7,24700,338390.0,,,,,
2023-03-23,13.7,13.8,13.7,13.7,3300,45210.0,,,,,
2023-03-24,13.7,13.8,13.6,13.7,5401,73993.7,,,,,
2023-03-27,13.7,13.7,13.4,13.5,370700,5004450.0,,,,,
2023-03-28,13.5,13.5,13.2,13.5,257721,3479233.5,,,,,
2023-03-29,13.5,13.6,13.3,13.4,309108,4142047.2,,,,,
2023-03-30,13.4,13.6,13.4,13.6,28425,386580.0,,,,,
2023-03-31,13.6,13.6,13.5,13.6,6900,93840.0,,,,,
2023-04-03,13.6,13.6,13.1,13.4,259900,3482660.0,,,,,
2023-04-04,13.4,13.5,13.4,13.5,157000,2119500.0,,,,,
2023-04-05,13.5,13.5,13.1,13.3,71900,956270.0,,,,,
2023-04-06,13.3,13.6,13.2,13.6,64108,871868.7999999999,,,,,
2023-04-07,13.6,13.7,13.5,13.5,4000,54000.0,,,,,
2023-04-10,13.5,13.7,13.5,13.6,6607,89855.2,,,,,
2023-04-11,13.6,13.8,13.5,13.8,3600,49680.0,,,,,
2023-04-12,13.8,13.9,13.7,13.9,4700,65330.0,,,,,
2023-04-13,13.9,14.0,13.8,13.8,3600,49680.0,,,,,
2023-04-14,13.8,13.9,13.8,13.8,2600,35880.0,,,,,
2023-04-17,13.8,13.9,13.7,13.8,4300,59340.0,,,,,
2023-04-18,13.8,13.9,13.7,13.9,16000,222400.0,,,,,
2023-04-19,13.9,14.0,13.8,13.9,21300,296070.0,,,,,
2023-04-20,13.9,14.0,13.9,14.0,16900,236600.0,,,,,
2023-04-21,14.0,14.1,13.9,14.0,14800,207200.0,,,,,
2023-04-24,14.0,14.1,13.9,14.0,18800,263200.0,,,,,
2023-04-25,14.0,14.3,13.9,13.9,4800,66720.0,,,,,
2023-04-26,13.9,14.0,13.9,13.9,4200,58380.0,,,,,
2023-04-27,13.9,14.0,13.9,14.0,4600,64400.0,,,,,
2023-04-28,14.0,14.0,13.9,14.0,3800,53200.0,,,,,
2023-05-04,14.0,14.1,13.9,14.1,7101,100124.1,,,,,
2023-05-05,14.1,14.1,13.8,13.9,6200,86180.0,,,,,
2023-05-08,13.9,14.0,13.9,14.0,331100,4635400.0,,,,,
2023-05-09,14.0,14.0,13.8,13.9,37300,518470.0,,,,,
2023-05-10,13.9,13.9,13.7,13.9,34900,485110.0,,,,,
2023-05-11,13.9,14.0,13.6,13.6,85500,1162800.0,,,,,
2023-05-12,13.6,13.8,13.3,13.3,100500,1336650.0,,,,,
2023-05-15,13.3,13.3,13.1,13.2,129400,1708080.0,,,,,
2023-05-16,13.2,13.3,13.2,13.3,64400,856520.0,,,,,
2023-05-17,13.3,13.5,13.2,13.3,107500,1429750.0,,,,,
2023-05-18,13.3,13.3,13.3,13.3,237,3152.1000000000004,,,,,
2023-05-19,13.0,13.3,13.0,13.3,80400,1069320.0,,,,,
2023-05-22,13.3,13.3,12.8,13.2,2600,34320.0,,,,,
2023-05-23,13.2,13.2,12.7,13.2,15300,201960.0,,,,,
2023-05-24,13.0,13.6,12.8,13.5,58339,787576.5,,,,,
2023-05-25,13.5,13.6,13.5,13.5,2400,32400.0,,,,,
2023-05-26,13.5,13.5,13.4,13.5,6900,93150.0,,,,,
2023-05-29,13.5,13.6,13.5,13.6,50900,692240.0,,,,,
2023-05-30,13.6,13.6,13.5,13.6,22300,303280.0,,,,,
2023-05-31,13.6,13.6,13.4,13.5,12618,170343.0,,,,,
2023-06-01,13.5,13.6,13.5,13.6,420,5712.0,,,,,
2023-06-02,13.6,13.8,13.6,13.8,4600,63480.0,,,,,
2023-06-05,13.8,13.9,13.7,13.9,3500,48650.0,,,,,
2023-06-06,13.9,14.0,13.2,13.9,4804,66775.6,,,,,
2023-06-07,13.9,14.0,13.9,13.9,2600,36140.0,,,,,
2023-06-08,13.9,14.0,13.8,14.0,25203,352842.0,,,,,
2023-06-09,14.0,14.1,13.9,14.0,2500,35000.0,,,,,
2023-06-12,14.0,14.0,13.8,13.9,15300,212670.0,,,,,
2023-06-13,13.9,14.0,13.9,13.9,1600,22240.0,,,,,
2023-06-14,13.9,13.9,13.4,13.8,3203,44201.4,,,,,
2023-06-15,13.8,13.8,13.5,13.5,6200,83700.0,,,,,
2023-06-16,13.5,13.6,13.5,13.6,3800,51680.0,,,,,
2023-06-19,13.6,13.7,13.2,13.6,99400,1351840.0,,,,,
2023-06-20,13.6,13.7,13.2,13.7,66500,911050.0,,,,,
2023-06-21,13.7,13.8,13.7,13.8,2800,38640.0,,,,,
2023-06-22,13.8,13.9,13.7,13.9,316000,4392400.0,,,,,
2023-06-23,13.9,14.0,13.8,13.8,2000,27600.0,,,,,
2023-06-26,13.8,13.9,13.8,13.8,2205,30429.0,,,,,
2023-06-27,13.8,13.9,13.6,13.9,65000,903500.0,,,,,
2023-06-28,13.9,13.9,13.6,13.7,76100,1042570.0,,,,,
2023-06-29,13.7,13.7,13.6,13.7,1400,19180.0,,,,,
2023-06-30,13.7,13.7,13.7,13.7,100,1370.0,,,,,
2023-07-03,13.7,13.8,13.7,13.7,2700,36990.0,,,,,
2023-07-04,13.7,13.8,13.6,13.6,2500,34000.0,,,,,
2023-07-05,13.6,13.8,13.5,13.7,56200,769940.0,,,,,
2023-07-06,13.7,13.8,13.7,13.7,3100,42470.0,,,,,
2023-07-07,13.7,13.9,12.7,13.9,234400,3258160.0,,,,,
2023-07-10,13.9,13.9,13.0,13.9,408500,5678150.0,,,,,
2023-07-11,13.9,14.7,13.4,14.7,504400,7414680.0,,,,,
2023-07-12,14.3,16.0,13.5,14.2,530200,7528840.0,,,,,
2023-07-13,14.1,14.1,13.5,14.1,200900,2832690.0,,,,,
2023-07-14,14.0,15.3,13.5,15.3,460700,7048710.0,,,,,
2023-07-17,16.0,16.5,14.2,14.2,520625,7392875.0,,,,,
2023-07-18,14.2,15.5,13.7,15.0,533800,8007000.0,,,,,
2023-07-19,15.0,16.3,13.7,16.0,97970,1567520.0,,,,,
2023-07-20,14.6,16.0,14.4,15.9,417100,6631890.0,,,,,
2023-07-21,15.0,15.0,14.4,15.0,16600,249000.0,,,,,
2023-07-24,14.5,16.0,13.5,14.9,52600,783740.0,,,,,
2023-07-25,13.7,14.9,13.5,14.4,46062,663292.8,,,,,
2023-07-26,14.3,14.3,13.0,13.0,20405,265265.0,,,,,
2023-07-27,14.0,14.0,13.0,13.7,18600,254820.0,,,,,
2023-07-28,13.6,14.0,12.5,13.4,9500,127300.0,,,,,
2023-07-31,13.0,13.6,12.5,13.3,206086,2740943.8000000003,,,,,
2023-08-01,13.3,13.3,12.4,13.3,145902,1940496.6,,,,,
2023-08-02,13.3,13.5,12.5,13.2,215400,2843280.0,,,,,
2023-08-03,12.6,13.0,12.5,12.8,1705,21824.0,,,,,
2023-08-04,12.4,13.0,12.0,12.6,99201,1249932.6,,,,,
2023-08-07,12.5,12.8,12.1,12.6,317900,4005540.0,,,,,
2023-08-08,12.6,12.6,12.2,12.4,595000,7378000.0,,,,,
2023-08-09,12.3,12.4,12.0,12.0,307200,3686400.0,,,,,
2023-08-10,12.3,12.3,12.0,12.1,7100,85910.0,,,,,
2023-08-11,12.1,13.3,12.0,13.0,856500,11134500.0,,,,,
2023-08-14,13.0,14.1,13.0,14.0,180400,2525600.0,,,,,
2023-08-15,14.0,14.5,13.9,14.5,367685,5331432.5,,,,,
2023-08-16,14.4,15.9,14.4,15.1,328509,4960485.899999999,,,,,
2023-08-17,13.9,15.5,13.9,15.2,372252,5658230.399999999,,,,,
2023-08-18,15.2,15.2,14.0,14.9,70700,1053430.0,,,,,
2023-08-21,15.3,15.3,14.1,15.0,3404,51060.0,,,,,
2023-08-22,15.1,15.1,14.3,14.9,113600,1692640.0,,,,,
2023-08-23,15.2,15.2,14.1,14.7,387909,5702262.3,,,,,
2023-08-24,15.1,15.1,14.1,14.6,243707,3558122.2,,,,,
2023-08-25,14.1,14.3,13.3,14.1,255206,3598404.6,,,,,
2023-08-28,13.5,13.9,13.1,13.9,210321,2923461.9,,,,,
2023-08-29,13.1,13.7,13.1,13.7,1012,13864.4,,,,,
2023-08-30,13.6,14.3,12.7,14.3,375316,5367018.8,,,,,
2023-08-31,14.2,14.2,13.0,14.2,256201,3638054.2,,,,,
2023-09-05,13.1,14.2,13.0,13.1,79707,1044161.7,,,,,
2023-09-06,13.8,13.8,12.7,13.6,7200,97920.0,,,,,
2023-09-07,13.5,13.6,12.6,13.6,174900,2378640.0,,,,,
2023-09-08,12.7,14.2,12.5,14.2,419403,5955522.6,,,,,
2023-09-11,13.2,13.7,12.8,13.7,167717,2297722.9,,,,,
2023-09-12,12.8,13.8,12.4,13.1,570802,7477506.2,,,,,
2023-09-13,13.1,13.3,12.1,12.9,177404,2288511.6,,,,,
2023-09-14,12.2,12.9,11.9,12.5,114508,1431350.0,,,,,
2023-09-15,12.0,12.3,11.5,12.2,19705,240401.0,,,,,
2023-09-18,12.2,12.4,11.6,12.2,54569,665741.7999999999,,,,,
2023-09-19,12.2,12.2,11.5,11.8,41416,488708.8000000001,,,,,
2023-09-20,12.0,12.2,11.5,12.1,12402,150064.19999999998,,,,,
2023-09-21,12.1,12.1,10.9,10.9,55381,603652.9,,,,,
2023-09-22,9.9,9.9,9.9,9.9,41702,412849.8,,,,,
2023-09-25,9.0,9.0,9.0,9.0,11000,99000.0,,,,,
2023-09-26,8.1,8.1,8.1,8.1,89200,722520.0,,,,,
2023-09-27,7.3,7.4,7.3,7.3,496700,3625910.0,,,,,
2023-09-28,6.6,6.6,6.6,6.6,130527,861478.2,,,,,
2023-09-29,6.0,7.2,6.0,6.0,1642072,9852432.0,,,,,
2023-10-02,5.4,6.6,5.4,6.6,571828,3774064.8,,,,,
2023-10-03,7.1,7.2,6.0,6.0,612780,3676680.0,,,,,
2023-10-04,6.0,6.4,5.5,6.0,226930,1361580.0,,,,,
2023-10-05,6.1,6.2,5.4,5.4,293332,1583992.8,,,,,
2023-10-06,5.4,5.9,5.3,5.9,229417,1353560.3,,,,,
2023-10-09,5.9,6.3,5.5,5.7,154552,880946.4,,,,,
2023-10-10,5.7,6.0,5.3,5.7,447970,2553429.0,,,,,
2023-10-11,5.7,5.9,5.4,5.8,317103,1839197.4,,,,,
2023-10-12,5.9,5.9,5.4,5.7,396906,2262364.2,,,,,
2023-10-13,5.5,5.6,5.3,5.5,621700,3419350.0,,,,,
2023-10-16,5.6,5.6,5.4,5.6,164303,920096.8,,,,,
2023-10-17,5.5,5.5,5.2,5.4,760400,4106160.000000001,,,,,
2023-10-18,5.5,5.6,5.3,5.4,684000,3693600.000000001,,,,,
2023-10-19,5.4,5.9,5.4,5.6,741700,4153520.0,,,,,
2023-10-20,5.6,5.8,5.6,5.8,318903,1849637.4,,,,,
2023-10-23,5.9,6.3,5.9,6.3,924062,5821590.6,,,,,
2023-10-24,6.5,6.8,6.5,6.8,585565,3981842.0,,,,,
2023-10-25,6.9,7.1,6.2,6.2,838340,5197708.0,,,,,
2023-10-26,6.3,6.5,5.9,6.2,284127,1761587.4,,,,,
2023-10-27,6.4,6.8,6.4,6.8,617544,4199299.2,,,,,
2023-10-30,7.3,7.4,6.8,7.4,2438816,18047238.4,,,,,
2023-10-31,7.4,8.1,7.4,8.1,1142346,9253002.6,,,,,
2023-11-01,8.1,8.5,7.3,7.3,929287,6783795.1,,,,,
2023-11-02,7.3,7.3,6.6,7.0,1034804,7243628.0,,,,,
2023-11-03,7.0,7.4,6.8,7.2,356677,2568074.4,,,,,
2023-11-06,7.2,7.9,7.2,7.6,409950,3115620.0,,,,,
2023-11-07,7.6,7.6,7.0,7.3,468211,3417940.3,,,,,
2023-11-08,7.2,7.5,7.0,7.4,387568,2868003.2,,,,,
2023-11-09,7.4,7.5,7.1,7.3,602256,4396468.8,,,,,
2023-11-10,7.3,7.4,7.2,7.2,379949,2735632.8000000003,,,,,
2023-11-13,7.3,7.3,6.9,7.0,328777,2301439.0,,,,,
2023-11-14,6.9,7.2,6.9,7.1,211334,1500471.4,,,,,
2023-11-15,7.2,7.8,7.2,7.5,575977,4319827.5,,,,,
2023-11-16,7.6,7.7,7.2,7.5,237986,1784895.0,,,,,
2023-11-17,7.5,7.5,7.0,7.0,631417,4419919.0,,,,,
2023-11-20,7.1,7.1,6.8,7.1,176799,1255272.9,,,,,
2023-11-21,7.2,7.2,6.9,7.1,105683,750349.2999999999,,,,,
2023-11-22,7.0,7.2,6.9,7.1,186183,1321899.3,,,,,
2023-11-23,7.1,7.2,6.9,6.9,207619,1432571.1,,,,,
2023-11-24,6.9,7.5,6.9,7.1,425465,3020801.5,,,,,
2023-11-27,7.3,7.3,7.0,7.2,231884,1669564.8,,,,,
2023-11-28,7.3,7.4,7.1,7.3,286460,2091158.0,,,,,
2023-11-29,7.3,7.5,7.2,7.4,301360,2230064.0,,,,,
2023-11-30,7.4,7.5,7.3,7.4,191001,1413407.4,,,,,
2023-12-01,7.5,7.5,7.2,7.3,256159,1869960.7,,,,,
2023-12-04,7.3,7.3,7.1,7.3,209138,1526707.4,,,,,
2023-12-05,7.3,7.3,7.1,7.1,128320,911072.0,,,,,
2023-12-06,7.1,7.1,6.9,7.1,206940,1469274.0,,,,,
2023-12-07,7.2,7.2,6.9,7.1,268719,1907904.9,,,,,
2023-12-08,7.1,7.3,6.9,7.0,144726,1013082.0,,,,,
2023-12-11,7.0,7.0,6.8,7.0,99251,694757.0,,,,,
2023-12-12,7.0,7.0,6.8,6.9,178866,1234175.4,,,,,
2023-12-13,6.9,7.0,6.8,6.9,91309,630032.1,,,,,
2023-12-14,7.0,7.0,6.9,7.0,83219,582533.0,,,,,
2023-12-15,7.0,7.0,6.8,6.8,185903,1264140.4,,,,,
2023-12-18,6.8,7.0,6.6,7.0,240585,1684095.0,,,,,
2023-12-19,7.0,7.0,6.8,6.9,176135,1215331.5,,,,,
2023-12-20,6.9,7.0,6.8,7.0,225929,1581503.0,,,,,
2023-12-21,6.9,7.0,6.8,6.9,371500,2563350.0,,,,,
2023-12-22,6.9,7.1,6.9,6.9,251514,1735446.6,,,,,
2023-12-25,6.9,7.1,6.9,6.9,59537,410805.3000000001,,,,,
2023-12-26,6.9,7.1,6.9,7.1,334408,2374296.8,,,,,
2023-12-27,7.1,7.8,7.1,7.7,1903293,14655356.1,,,,,
2023-12-28,7.7,8.4,7.5,8.4,814874,6844941.600000001,,,,,
2023-12-29,8.7,9.1,7.8,8.2,795167,6520369.399999999,,,,,
2024-01-02,8.5,9.0,8.3,9.0,446631,4019679.0,,,,,
2024-01-03,9.9,9.9,9.5,9.9,1032123,10218017.7,,,,,
2024-01-04,10.6,10.8,9.4,10.0,1048371,10483710.0,,,,,
2024-01-05,10.1,11.0,9.9,11.0,769046,8459506.0,,,,,
2024-01-08,11.2,12.1,11.2,12.1,360396,4360791.6,,,,,
2024-01-09,13.3,13.3,12.0,13.3,832865,11077104.5,,,,,
2024-01-10,13.4,14.6,13.0,14.5,905892,13135434.0,,,,,
2024-01-11,14.5,15.7,13.2,14.7,602776,8860807.2,,,,,
2024-01-12,15.5,15.5,13.3,13.3,1070685,14240110.5,,,,,
2024-01-15,13.3,13.3,12.0,12.0,1137938,13655256.0,,,,,
2024-01-16,12.5,13.2,12.2,13.2,392189,5176894.8,,,,,
2024-01-17,13.3,14.4,12.0,13.8,562190,7758222.0,,,,,
2024-01-18,13.8,13.9,12.6,12.6,425710,5363946.0,,,,,
2024-01-19,13.0,13.7,12.7,13.3,279067,3711591.1,,,,,
2024-01-22,12.9,13.4,12.7,13.0,296373,3852849.0,,,,,
2024-01-23,13.0,14.0,12.8,13.3,238524,3172369.2,,,,,
2024-01-24,13.3,14.0,12.7,12.7,395396,5021529.199999999,,,,,
2024-01-25,12.8,12.8,11.5,11.5,896495,10309692.5,,,,,
2024-01-26,11.2,11.5,10.4,10.4,1283197,13345248.8,,,,,
2024-01-29,10.4,10.4,9.4,9.4,829429,7796632.600000001,,,,,
2024-01-30,9.0,10.0,8.5,8.9,1247841,11105784.9,,,,,
2024-01-31,8.9,9.7,8.7,9.7,295562,2866951.4,,,,,
2024-02-01,10.4,10.4,8.8,8.8,843086,7419156.800000001,,,,,
2024-02-02,8.7,8.9,8.1,8.3,510273,4235265.9,,,,,
2024-02-05,8.3,8.3,7.5,7.5,659993,4949947.5,,,,,
2024-02-06,7.4,8.2,7.3,7.6,333895,2537602.0,,,,,
2024-02-07,7.5,8.0,7.5,7.7,309606,2383966.2,,,,,
2024-02-15,7.8,8.2,7.5,7.8,250806,1956286.8,,,,,
2024-02-16,7.8,7.9,7.4,7.6,451390,3430564.0,,,,,
2024-02-19,7.6,8.2,7.5,8.2,540672,4433510.399999999,,,,,
2024-02-20,8.2,8.6,7.9,8.1,266789,2160990.9,,,,,
2024-02-21,7.9,8.1,7.7,7.8,446423,3482099.4,,,,,
2024-02-22,7.8,8.5,7.7,8.5,575580,4892430.0,,,,,
2024-02-23,9.0,9.3,8.0,8.0,782035,6256280.0,,,,,
2024-02-26,8.2,8.3,7.7,8.0,306401,2451208.0,,,,,
2024-02-27,8.0,8.1,7.8,8.0,400436,3203488.0,,,,,
2024-02-28,8.0,8.1,7.8,7.9,164366,1298491.4,,,,,
2024-02-29,8.0,8.0,7.7,7.9,231143,1826029.7,,,,,
2024-03-01,7.9,8.0,7.8,7.9,133802,1057035.8,,,,,
2024-03-04,7.9,7.9,7.8,7.9,165232,1305332.8,,,,,
2024-03-05,8.1,8.1,7.7,7.9,212300,1677170.0,,,,,
2024-03-06,7.8,7.9,7.7,7.8,220206,1717606.8,,,,,
2024-03-07,7.7,7.9,7.6,7.6,177156,1346385.6,,,,,
2024-03-08,7.7,7.7,7.2,7.5,359718,2697885.0,,,,,
2024-03-11,7.5,7.5,7.1,7.2,246866,1777435.2,,,,,
2024-03-12,7.2,7.3,7.1,7.3,126407,922771.1,,,,,
2024-03-13,7.4,7.4,7.2,7.3,118262,863312.6,,,,,
2024-03-14,7.2,7.4,7.2,7.3,259814,1896642.2,,,,,
2024-03-15,7.3,7.4,7.0,7.1,232022,1647356.2,,,,,
2024-03-18,7.1,7.2,6.8,6.9,193283,1333652.7,,,,,
2024-03-19,6.9,6.9,6.7,6.8,125456,853100.7999999999,,,,,
2024-03-20,6.8,6.8,6.5,6.8,309108,2101934.4,,,,,
2024-03-21,6.7,6.9,6.7,6.9,105975,731227.5,,,,,
2024-03-22,6.9,7.5,6.9,7.5,383815,2878612.5,,,,,
2024-03-25,8.0,8.0,7.2,7.3,211029,1540511.7,,,,,
2024-03-26,7.3,7.9,7.2,7.4,78661,582091.4,,,,,
2024-03-27,7.7,7.7,7.4,7.4,67423,498930.2,,,,,
2024-03-28,7.4,7.5,7.3,7.5,69826,523695.0,,,,,
2024-03-29,7.4,7.4,7.2,7.4,61316,453738.4,,,,,
2024-04-01,7.2,7.3,7.1,7.2,173113,1246413.6,,,,,
2024-04-02,7.1,7.2,7.0,7.0,89171,624197.0,,,,,
2024-04-03,7.0,7.1,7.0,7.0,85800,600600.0,,,,,
2024-04-04,7.0,7.0,6.8,6.9,119221,822624.9,,,,,
2024-04-05,6.9,7.0,6.8,6.8,55120,374816.0,,,,,
2024-04-08,6.9,6.9,6.7,6.7,51823,347214.10000000003,,,,,
2024-04-09,6.7,6.8,6.6,6.8,56670,385356.0,,,,,
2024-04-10,6.8,6.9,6.8,6.9,22427,154746.30000000002,,,,,
2024-04-11,6.8,6.8,6.7,6.8,15764,107195.2,,,,,
2024-04-12,6.7,6.8,6.7,6.8,48930,332724.0,,,,,
2024-04-15,6.7,6.8,6.2,6.2,73068,453021.6,,,,,
2024-04-16,6.2,6.2,5.6,5.6,214706,1202353.6,,,,,
2024-04-17,5.6,5.8,5.5,5.5,33406,183733.0,,,,,
2024-04-19,5.5,5.6,5.0,5.0,104800,524000.0,,,,,
2024-04-22,5.1,5.5,4.9,5.5,115600,635800.0,,,,,
2024-04-23,5.7,6.0,5.7,6.0,66939,401634.0,,,,,
2024-04-24,6.4,6.5,5.6,5.9,117219,691592.1000000001,,,,,
2024-04-25,5.8,5.8,5.6,5.8,39328,228102.4,,,,,
2024-04-26,5.7,6.3,5.7,5.9,51100,301490.0,,,,,
2024-05-02,6.0,6.2,5.6,5.7,22807,129999.9,,,,,
2024-05-03,5.8,5.8,5.6,5.7,17110,97527.0,,,,,
2024-05-06,5.7,5.9,5.6,5.7,37129,211635.3,,,,,
2024-05-07,5.8,6.1,5.7,6.0,98995,593970.0,,,,,
2024-05-08,5.9,6.0,5.8,6.0,51401,308406.0,,,,,
2024-05-09,5.8,6.0,5.5,5.8,107355,622659.0,,,,,
2024-05-10,5.9,6.0,5.5,5.7,26000,148200.0,,,,,
2024-05-13,5.7,6.2,5.6,5.9,102012,601870.8,,,,,
2024-05-14,6.0,6.2,5.9,6.0,60404,362424.0,,,,,
2024-05-15,6.1,6.1,5.7,5.8,59500,345100.0,,,,,
2024-05-16,5.8,5.9,5.7,5.8,93203,540577.4,,,,,
2024-05-17,5.8,5.8,5.7,5.8,47400,274920.0,,,,,
2024-05-20,5.7,5.9,5.7,5.9,48500,286150.0,,,,,
2024-05-21,5.8,5.8,5.4,5.4,449493,2427262.2,,,,,
2024-05-22,5.4,5.4,5.4,5.4,0,0.0,,,,,
2024-05-23,5.4,5.4,5.4,5.4,0,0.0,,,,,
2024-05-24,4.9,4.9,4.9,4.9,64496,316030.4,,,,,
2024-05-27,4.9,4.9,4.9,4.9,0,0.0,,,,,
2024-05-28,4.9,4.9,4.9,4.9,0,0.0,,,,,
2024-05-29,4.9,4.9,4.9,4.9,0,0.0,,,,,
2024-05-30,4.9,4.9,4.9,4.9,0,0.0,,,,,
2024-05-31,4.5,4.5,4.5,4.5,63318,284931.0,,,,,
2024-06-03,4.5,4.5,4.5,4.5,0,0.0,,,,,
2024-06-04,4.5,4.5,4.5,4.5,0,0.0,,,,,
2024-06-05,4.5,4.5,4.5,4.5,0,0.0,,,,,
2024-06-06,4.5,4.5,4.5,4.5,0,0.0,,,,,
2024-06-07,4.1,4.1,4.1,4.1,76110,312051.0,,,,,
2024-06-10,4.1,4.1,4.1,4.1,0,0.0,,,,,
2024-06-11,4.1,4.1,4.1,4.1,0,0.0,,,,,
2024-06-12,4.1,4.1,4.1,4.1,0,0.0,,,,,
2024-06-13,4.1,4.1,4.1,4.1,0,0.0,,,,,
2024-06-14,3.7,3.7,3.7,3.7,100128,370473.6,,,,,
2024-06-17,3.7,3.7,3.7,3.7,0,0.0,,,,,
2024-06-18,3.7,3.7,3.7,3.7,0,0.0,,,,,
2024-06-19,3.7,3.7,3.7,3.7,0,0.0,,,,,
2024-06-20,3.7,3.7,3.7,3.7,0,0.0,,,,,
2024-06-21,3.4,3.4,3.4,3.4,61329,208518.6,,,,,
2024-06-24,3.4,3.4,3.4,3.4,0,0.0,,,,,
2024-06-25,3.4,3.4,3.4,3.4,0,0.0,,,,,
2024-06-26,3.4,3.4,3.4,3.4,0,0.0,,,,,
2024-06-27,3.4,3.4,3.4,3.4,0,0.0,,,,,
2024-06-28,3.1,3.4,3.1,3.1,523094,1621591.4,,,,,
2024-07-01,3.1,3.1,3.1,3.1,0,0.0,,,,,
2024-07-02,3.1,3.1,3.1,3.1,0,0.0,,,,,
2024-07-03,3.1,3.1,3.1,3.1,0,0.0,,,,,
2024-07-04,3.1,3.1,3.1,3.1,0,0.0,,,,,
2024-07-05,3.0,3.0,2.8,2.8,328641,920194.8,,,,,
2024-07-08,2.8,2.8,2.8,2.8,0,0.0,,,,,
2024-07-09,2.8,2.8,2.8,2.8,0,0.0,,,,,
2024-07-10,2.8,2.8,2.8,2.8,0,0.0,,,,,
2024-07-11,2.8,2.8,2.8,2.8,0,0.0,,,,,
2024-07-12,2.8,2.8,2.6,2.6,149329,388255.4,,,,,
2024-07-15,2.6,2.6,2.6,2.6,0,0.0,,,,,
2024-07-16,2.6,2.6,2.6,2.6,0,0.0,,,,,
2024-07-17,2.6,2.6,2.6,2.6,0,0.0,,,,,
2024-07-18,2.6,2.6,2.6,2.6,0,0.0,,,,,
2024-07-19,2.6,2.7,2.5,2.5,98006,245015.0,,,,,
2024-07-22,2.5,2.5,2.5,2.5,0,0.0,,,,,
2024-07-23,2.5,2.5,2.5,2.5,0,0.0,,,,,
2024-07-24,2.5,2.5,2.5,2.5,0,0.0,,,,,
2024-07-25,2.5,2.5,2.5,2.5,0,0.0,,,,,
2024-07-26,2.6,2.6,2.3,2.4,156413,375391.2,,,,,
2024-07-29,2.4,2.4,2.4,2.4,0,0.0,,,,,
2024-07-30,2.4,2.4,2.4,2.4,0,0.0,,,,,
2024-07-31,2.4,2.4,2.4,2.4,0,0.0,,,,,
2024-08-01,2.4,2.4,2.4,2.4,0,0.0,,,,,
2024-08-02,2.3,2.3,2.2,2.2,88532,194770.4,,,,,
2024-08-05,2.2,2.2,2.2,2.2,0,0.0,,,,,
2024-08-06,2.2,2.2,2.2,2.2,0,0.0,,,,,
2024-08-07,2.2,2.2,2.2,2.2,0,0.0,,,,,
2024-08-08,2.2,2.2,2.2,2.2,0,0.0,,,,,
2024-08-09,2.0,2.0,2.0,2.0,44560,89120.0,,,,,
2024-08-12,2.0,2.0,2.0,2.0,0,0.0,,,,,
2024-08-13,2.0,2.0,2.0,2.0,0,0.0,,,,,
2024-08-14,2.0,2.0,2.0,2.0,0,0.0,,,,,
2024-08-15,2.0,2.0,2.0,2.0,0,0.0,,,,,
2024-08-16,1.9,2.2,1.8,2.2,259100,570020.0,,,,,
2024-08-19,2.2,2.2,2.2,2.2,0,0.0,,,,,
2024-08-20,2.2,2.2,2.2,2.2,0,0.0,,,,,
2024-08-21,2.2,2.2,2.2,2.2,0,0.0,,,,,
2024-08-22,2.2,2.2,2.2,2.2,0,0.0,,,,,
2024-08-23,2.0,2.4,2.0,2.4,192711,462506.4,,,,,
2024-08-26,2.4,2.4,2.4,2.4,0,0.0,,,,,
2024-08-27,2.4,2.4,2.4,2.4,0,0.0,,,,,
2024-08-28,2.4,2.4,2.4,2.4,0,0.0,,,,,
2024-08-29,2.4,2.4,2.4,2.4,0,0.0,,,,,
2024-08-30,2.4,2.4,2.4,2.4,0,0.0,,,,,
2024-09-04,2.4,2.4,2.4,2.4,0,0.0,,,,,
2024-09-05,2.4,2.4,2.4,2.4,0,0.0,,,,,
2024-09-06,2.4,2.4,2.4,2.4,0,0.0,,,,,
2024-09-09,2.4,2.4,2.4,2.4,0,0.0,,,,,
2024-09-10,2.4,2.4,2.4,2.4,0,0.0,,,,,
2024-09-11,2.4,2.4,2.4,2.4,0,0.0,,,,,
2024-09-12,2.4,2.4,2.4,2.4,0,0.0,,,,,
2024-09-13,2.4,2.4,2.4,2.4,0,0.0,,,,,
2024-09-16,2.4,2.4,2.4,2.4,0,0.0,,,,,
2024-09-17,2.4,2.4,2.4,2.4,0,0.0,,,,,
2024-09-18,2.4,2.4,2.4,2.4,0,0.0,,,,,
2024-09-19,2.4,2.4,2.4,2.4,0,0.0,,,,,
2024-09-20,2.4,2.4,2.4,2.4,0,0.0,,,,,
2024-09-23,2.4,2.4,2.4,2.4,0,0.0,,,,,
2024-09-24,2.4,2.4,2.4,2.4,0,0.0,,,,,
2024-09-25,2.4,2.4,2.4,2.4,0,0.0,,,,,
2024-09-26,2.4,2.4,2.4,2.4,0,0.0,,,,,
2024-09-27,2.4,2.4,2.4,2.4,0,0.0,,,,,
2024-09-30,2.4,2.4,2.4,2.4,0,0.0,,,,,
2024-10-01,2.4,2.4,2.4,2.4,0,0.0,,,,,
2024-10-02,2.4,2.4,2.4,2.4,0,0.0,,,,,
2024-10-03,2.4,2.4,2.4,2.4,0,0.0,,,,,
2024-10-04,2.4,2.4,2.4,2.4,0,0.0,,,,,
2024-10-07,2.4,2.4,2.4,2.4,0,0.0,,,,,
2024-10-08,2.4,2.4,2.4,2.4,0,0.0,,,,,
2024-10-09,2.4,2.4,2.4,2.4,0,0.0,,,,,
2024-10-10,2.4,2.4,2.4,2.4,0,0.0,,,,,
2024-10-11,2.4,2.4,2.4,2.4,0,0.0,,,,,
2024-10-14,2.4,2.4,2.4,2.4,0,0.0,,,,,
2024-10-15,2.4,2.4,2.4,2.4,0,0.0,,,,,
2024-10-16,2.4,2.4,2.4,2.4,0,0.0,,,,,
2024-10-17,2.4,2.4,2.4,2.4,0,0.0,,,,,
2024-10-18,2.4,2.4,2.4,2.4,0,0.0,,,,,
2024-10-21,2.4,2.4,2.4,2.4,0,0.0,,,,,
2024-10-22,2.4,2.4,2.4,2.4,0,0.0,,,,,
2024-10-23,2.4,2.4,2.4,2.4,0,0.0,,,,,
2024-10-24,2.4,2.4,2.4,2.4,0,0.0,,,,,
2024-10-25,2.4,2.4,2.4,2.4,0,0.0,,,,,
2024-10-28,2.4,2.4,2.4,2.4,0,0.0,,,,,
2024-10-29,2.4,2.4,2.4,2.4,0,0.0,,,,,
2024-10-30,2.4,2.4,2.4,2.4,0,0.0,,,,,
2024-10-31,2.4,2.4,2.4,2.4,0,0.0,,,,,
2024-11-01,2.4,2.4,2.4,2.4,0,0.0,,,,,
2024-11-04,2.4,2.4,2.4,2.4,0,0.0,,,,,
2024-11-05,2.4,2.4,2.4,2.4,0,0.0,,,,,
2024-11-06,2.4,2.4,2.4,2.4,0,0.0,,,,,
2024-11-07,2.4,2.4,2.4,2.4,0,0.0,,,,,
2024-11-08,2.4,2.4,2.4,2.4,0,0.0,,,,,
2024-11-11,2.4,2.4,2.4,2.4,0,0.0,,,,,
2024-11-12,2.4,2.4,2.4,2.4,0,0.0,,,,,
2024-11-13,2.4,2.4,2.4,2.4,0,0.0,,,,,
2024-11-14,2.4,2.4,2.4,2.4,0,0.0,,,,,
2024-11-15,2.4,2.4,2.4,2.4,0,0.0,,,,,
2024-11-18,2.4,2.4,2.4,2.4,0,0.0,,,,,
2024-11-19,2.4,2.4,2.4,2.4,0,0.0,,,,,
2024-11-20,2.4,2.4,2.4,2.4,0,0.0,,,,,
2024-11-21,2.4,2.4,2.4,2.4,0,0.0,,,,,
2024-11-22,2.4,2.4,2.4,2.4,0,0.0,,,,,
2024-11-25,2.4,2.4,2.4,2.4,0,0.0,,,,,
2024-11-26,2.4,2.4,2.4,2.4,0,0.0,,,,,
2024-11-27,2.4,2.4,2.4,2.4,0,0.0,,,,,
2024-11-28,2.4,2.4,2.4,2.4,0,0.0,,,,,
2024-11-29,2.4,2.4,2.4,2.4,0,0.0,,,,,
2024-12-02,2.4,2.4,2.4,2.4,0,0.0,,,,,
2024-12-03,2.4,2.4,2.4,2.4,0,0.0,,,,,
2024-12-04,2.4,2.4,2.4,2.4,0,0.0,,,,,
2024-12-05,2.4,2.4,2.4,2.4,0,0.0,,,,,
2024-12-06,2.4,2.4,2.4,2.4,0,0.0,,,,,
2024-12-09,2.4,2.4,2.4,2.4,0,0.0,,,,,
2024-12-10,2.4,2.4,2.4,2.4,0,0.0,,,,,
2024-12-11,2.4,2.4,2.4,2.4,0,0.0,,,,,
2024-12-12,2.4,2.4,2.4,2.4,0,0.0,,,,,
2024-12-13,2.4,2.4,2.4,2.4,0,0.0,,,,,
2024-12-16,2.4,2.4,2.4,2.4,0,0.0,,,,,
2024-12-17,2.4,2.4,2.4,2.4,0,0.0,,,,,
2024-12-18,2.4,2.4,2.4,2.4,0,0.0,,,,,
2024-12-19,2.4,2.4,2.4,2.4,0,0.0,,,,,
2024-12-20,2.4,2.4,2.4,2.4,0,0.0,,,,,
2024-12-23,2.4,2.4,2.4,2.4,0,0.0,,,,,
2024-12-24,2.4,2.4,2.4,2.4,0,0.0,,,,,
2024-12-25,2.4,2.4,2.4,2.4,0,0.0,,,,,
2024-12-26,2.4,2.4,2.4,2.4,0,0.0,,,,,
2025-01-13,2.4,2.4,2.4,2.4,0,0.0,,,,,
2025-01-14,2.4,2.4,2.4,2.4,0,0.0,,,,,
2025-01-15,2.4,2.4,2.4,2.4,0,0.0,,,,,
2025-01-16,2.4,2.4,2.4,2.4,0,0.0,,,,,
2025-01-17,2.4,2.4,2.4,2.4,0,0.0,,,,,
2025-01-20,2.4,2.4,2.4,2.4,0,0.0,,,,,
2025-01-21,2.4,2.4,2.4,2.4,0,0.0,,,,,
2025-01-22,2.4,2.4,2.4,2.4,0,0.0,,,,,
2025-01-23,2.4,2.4,2.4,2.4,0,0.0,,,,,
2025-01-24,2.4,2.4,2.4,2.4,0,0.0,,,,,
2025-02-03,2.4,2.4,2.4,2.4,0,0.0,,,,,
2025-02-04,2.4,2.4,2.4,2.4,0,0.0,,,,,
2025-02-05,2.4,2.4,2.4,2.4,0,0.0,,,,,
2025-02-06,2.4,2.4,2.4,2.4,0,0.0,,,,,
2025-02-07,2.4,2.4,2.4,2.4,0,0.0,,,,,
2025-02-10,2.4,2.4,2.4,2.4,0,0.0,,,,,
2025-02-11,2.4,2.4,2.4,2.4,0,0.0,,,,,
2025-02-12,2.4,2.4,2.4,2.4,0,0.0,,,,,
2025-02-13,2.4,2.4,2.4,2.4,0,0.0,,,,,
2025-02-14,2.4,2.4,2.4,2.4,0,0.0,,,,,
2025-02-17,2.4,2.4,2.4,2.4,0,0.0,,,,,
2025-02-18,2.4,2.4,2.4,2.4,0,0.0,,,,,
2025-02-19,2.4,2.4,2.4,2.4,0,0.0,,,,,
2025-02-20,2.4,2.4,2.4,2.4,0,0.0,,,,,
2025-02-21,2.4,2.4,2.4,2.4,0,0.0,,,,,
2025-02-24,2.4,2.4,2.4,2.4,0,0.0,,,,,
2025-02-25,2.4,2.4,2.4,2.4,0,0.0,,,,,
2025-02-26,2.4,2.4,2.4,2.4,0,0.0,,,,,
2025-02-27,2.4,2.4,2.4,2.4,0,0.0,,,,,
2025-02-28,2.4,2.4,2.4,2.4,0,0.0,,,,,
2025-03-03,2.4,2.4,2.4,2.4,0,0.0,,,,,
2025-03-04,2.4,2.4,2.4,2.4,0,0.0,,,,,
2025-03-05,2.4,2.4,2.4,2.4,0,0.0,,,,,
2025-03-06,2.4,2.4,2.4,2.4,0,0.0,,,,,
2025-03-07,2.4,2.4,2.4,2.4,0,0.0,,,,,
2025-03-10,2.4,2.4,2.4,2.4,0,0.0,,,,,
2025-03-11,2.4,2.4,2.4,2.4,0,0.0,,,,,
2025-03-12,2.4,2.4,2.4,2.4,0,0.0,,,,,
2025-03-13,2.4,2.4,2.4,2.4,0,0.0,,,,,
2025-03-14,2.4,2.4,2.4,2.4,0,0.0,,,,,
2025-03-17,2.4,2.4,2.4,2.4,0,0.0,,,,,
2025-03-18,2.4,2.4,2.4,2.4,0,0.0,,,,,
2025-03-19,2.4,2.4,2.4,2.4,0,0.0,,,,,
2025-03-20,2.4,2.4,2.4,2.4,0,0.0,,,,,
2025-03-21,2.4,2.4,2.4,2.4,0,0.0,,,,,
2025-03-24,2.4,2.4,2.4,2.4,0,0.0,,,,,
2025-03-25,2.4,2.4,2.4,2.4,0,0.0,,,,,
2025-03-26,2.4,2.4,2.4,2.4,0,0.0,,,,,
2025-03-27,2.4,2.4,2.4,2.4,0,0.0,,,,,
2025-03-28,2.4,2.4,2.4,2.4,0,0.0,,,,,
2025-03-31,2.4,2.4,2.4,2.4,0,0.0,,,,,
2025-04-01,2.4,2.4,2.4,2.4,0,0.0,,,,,
2025-04-02,2.4,2.4,2.4,2.4,0,0.0,,,,,
2025-04-03,2.4,2.4,2.4,2.4,0,0.0,,,,,
2025-04-04,2.4,2.4,2.4,2.4,0,0.0,,,,,
2025-04-08,2.4,2.4,2.4,2.4,0,0.0,,,,,
2025-04-09,2.4,2.4,2.4,2.4,0,0.0,,,,,
2025-04-10,2.4,2.4,2.4,2.4,0,0.0,,,,,
2025-04-11,2.4,2.4,2.4,2.4,0,0.0,,,,,
2025-04-14,2.4,2.4,2.4,2.4,0,0.0,,,,,
2025-04-15,2.4,2.4,2.4,2.4,0,0.0,,,,,
2025-04-16,2.4,2.4,2.4,2.4,0,0.0,,,,,
2025-04-17,2.4,2.4,2.4,2.4,0,0.0,,,,,
2025-04-18,2.4,2.4,2.4,2.4,0,0.0,,,,,
2025-04-21,2.4,2.4,2.4,2.4,0,0.0,,,,,
2025-04-22,2.4,2.4,2.4,2.4,0,0.0,,,,,
2025-04-23,2.4,2.4,2.4,2.4,0,0.0,,,,,
2025-04-24,2.4,2.4,2.4,2.4,0,0.0,,,,,
2025-04-25,2.4,2.4,2.4,2.4,0,0.0,,,,,
2025-04-28,2.4,2.4,2.4,2.4,0,0.0,,,,,
2025-04-29,2.4,2.4,2.4,2.4,0,0.0,,,,,
2025-05-05,2.4,2.4,2.4,2.4,0,0.0,,,,,
2025-05-06,2.4,2.4,2.4,2.4,0,0.0,,,,,
2025-05-07,2.4,2.4,2.4,2.4,0,0.0,,,,,
2025-05-08,2.4,2.4,2.4,2.4,0,0.0,,,,,
2025-05-09,2.4,2.4,2.4,2.4,0,0.0,,,,,
2025-05-12,2.4,2.4,2.4,2.4,0,0.0,,,,,
2025-05-13,2.4,2.4,2.4,2.4,0,0.0,,,,,
2025-05-14,2.4,2.4,2.4,2.4,0,0.0,,,,,
2025-05-15,2.4,2.4,2.4,2.4,0,0.0,,,,,
2025-05-16,2.4,2.4,2.4,2.4,0,0.0,,,,,
2025-05-19,2.4,2.4,2.4,2.4,0,0.0,,,,,
2025-05-20,2.4,2.4,2.4,2.4,0,0.0,,,,,
2025-05-21,2.4,2.4,2.4,2.4,0,0.0,,,,,
2025-05-22,2.4,2.4,2.4,2.4,0,0.0,,,,,
2025-05-23,2.4,2.4,2.4,2.4,0,0.0,,,,,
2025-05-26,2.4,2.4,2.4,2.4,0,0.0,,,,,
2025-05-27,2.4,2.4,2.4,2.4,0,0.0,,,,,
2025-05-28,2.4,2.4,2.4,2.4,0,0.0,,,,,
2025-05-29,2.4,2.4,2.4,2.4,0,0.0,,,,,
2025-05-30,2.4,2.4,2.4,2.4,0,0.0,,,,,
2025-06-02,2.4,2.4,2.4,2.4,0,0.0,,,,,
2025-06-03,2.4,2.4,2.4,2.4,0,0.0,,,,,
2025-06-04,2.4,2.4,2.4,2.4,0,0.0,,,,,
2025-06-05,2.4,2.4,2.4,2.4,0,0.0,,,,,
2025-06-06,2.4,2.4,2.4,2.4,0,0.0,,,,,
2025-06-09,2.4,2.4,2.4,2.4,0,0.0,,,,,
2025-06-10,2.4,2.4,2.4,2.4,0,0.0,,,,,
2025-06-11,2.4,2.4,2.4,2.4,0,0.0,,,,,
2025-06-12,2.4,2.4,2.4,2.4,0,0.0,,,,,
2025-06-13,2.4,2.4,2.4,2.4,0,0.0,,,,,
2025-06-16,2.4,2.4,2.4,2.4,0,0.0,,,,,
2025-06-17,2.4,2.4,2.4,2.4,0,0.0,,,,,
2025-06-18,2.4,2.4,2.4,2.4,0,0.0,,,,,
2025-06-19,2.4,2.4,2.4,2.4,0,0.0,,,,,
2025-06-20,2.4,2.4,2.4,2.4,0,0.0,,,,,
2025-06-23,2.4,2.4,2.4,2.4,0,0.0,,,,,
2025-06-24,2.4,2.4,2.4,2.4,0,0.0,,,,,
2025-06-25,2.4,2.4,2.4,2.4,0,0.0,,,,,
2025-06-26,2.4,2.4,2.4,2.4,0,0.0,,,,,
2025-06-27,2.4,2.4,2.4,2.4,0,0.0,,,,,
2025-06-30,2.4,2.4,2.4,2.4,0,0.0,,,,,
2025-07-01,2.4,2.4,2.4,2.4,0,0.0,,,,,
2025-07-02,2.4,2.4,2.4,2.4,0,0.0,,,,,
2025-07-03,2.4,2.4,2.4,2.4,0,0.0,,,,,
2025-07-04,2.4,2.4,2.4,2.4,0,0.0,,,,,
2025-07-07,2.4,2.4,2.4,2.4,0,0.0,,,,,
2025-07-08,2.4,2.4,2.4,2.4,0,0.0,,,,,
2025-07-09,2.4,2.4,2.4,2.4,0,0.0,,,,,
2025-07-10,2.4,2.4,2.4,2.4,0,0.0,,,,,
2025-07-11,2.4,2.4,2.4,2.4,0,0.0,,,,,
2025-07-14,2.4,2.4,2.4,2.4,0,0.0,,,,,
2025-07-15,2.4,2.4,2.4,2.4,0,0.0,,,,,
2025-07-16,2.4,2.4,2.4,2.4,0,0.0,,,,,
2025-07-17,2.4,2.4,2.4,2.4,0,0.0,,,,,
2025-07-18,2.4,2.4,2.4,2.4,0,0.0,,,,,
2025-07-21,2.4,2.4,2.4,2.4,0,0.0,,,,,
2025-07-22,2.4,2.4,2.4,2.4,0,0.0,,,,,
2025-07-23,2.4,2.4,2.4,2.4,0,0.0,,,,,
2025-07-24,2.4,2.4,2.4,2.4,0,0.0,,,,,
2025-07-25,2.4,2.4,2.4,2.4,0,0.0,,,,,
2025-07-28,2.4,2.4,2.4,2.4,0,0.0,,,,,
2025-07-29,2.4,2.4,2.4,2.4,0,0.0,,,,,
2025-07-30,2.4,2.4,2.4,2.4,0,0.0,,,,,
2025-07-31,2.4,2.4,2.4,2.4,0,0.0,,,,,
2025-08-01,2.4,2.4,2.4,2.4,0,0.0,,,,,
2025-08-04,2.4,2.4,2.4,2.4,0,0.0,,,,,
2025-08-05,2.4,2.4,2.4,2.4,0,0.0,,,,,
2025-08-06,2.4,2.4,2.4,2.4,0,0.0,,,,,
2025-08-07,2.4,2.4,2.4,2.4,0,0.0,,,,,
2025-08-08,2.4,2.4,2.4,2.4,0,0.0,,,,,
2025-08-11,2.4,2.4,2.4,2.4,0,0.0,,,,,
2025-08-12,2.4,2.4,2.4,2.4,0,0.0,,,,,
2025-08-13,2.4,2.4,2.4,2.4,0,0.0,,,,,
2025-08-14,2.4,2.4,2.4,2.4,0,0.0,,,,,
2025-08-15,2.4,2.4,2.4,2.4,0,0.0,,,,,
2025-08-18,2.4,2.4,2.4,2.4,0,0.0,,,,,
2025-08-19,2.4,2.4,2.4,2.4,0,0.0,,,,,
2025-08-20,2.4,2.4,2.4,2.4,0,0.0,,,,,
2025-08-21,2.4,2.4,2.4,2.4,0,0.0,,,,,
2025-08-22,2.4,2.4,2.4,2.4,0,0.0,,,,,
2025-08-25,2.4,2.4,2.4,2.4,0,0.0,,,,,
2025-08-26,2.4,2.4,2.4,2.4,0,0.0,,,,,
2025-08-27,2.4,2.4,2.4,2.4,0,0.0,,,,,
2025-08-28,2.4,2.4,2.4,2.4,0,0.0,,,,,
2025-08-29,2.4,2.4,2.4,2.4,0,0.0,,,,,
2025-09-03,2.4,2.4,2.4,2.4,0,0.0,,,,,
2025-09-04,2.4,2.4,2.4,2.4,0,0.0,,,,,
2025-09-05,2.4,2.4,2.4,2.4,0,0.0,,,,,
2025-09-08,2.4,2.4,2.4,2.4,0,0.0,,,,,
2025-09-09,2.4,2.4,2.4,2.4,0,0.0,,,,,
2025-09-10,2.4,2.4,2.4,2.4,0,0.0,,,,,
2025-09-11,2.4,2.4,2.4,2.4,0,0.0,,,,,
2025-09-12,2.4,2.4,2.4,2.4,0,0.0,,,,,
2025-09-15,2.4,2.4,2.4,2.4,0,0.0,,,,,
2025-09-16,2.4,2.4,2.4,2.4,0,0.0,,,,,
2025-09-17,2.4,2.4,2.4,2.4,0,0.0,,,,,
2025-09-18,2.4,2.4,2.4,2.4,0,0.0,,,,,
2025-09-19,2.4,2.4,2.4,2.4,0,0.0,,,,,
2025-09-22,2.4,2.4,2.4,2.4,0,0.0,,,,,
2025-09-23,2.4,2.4,2.4,2.4,0,0.0,,,,,
2025-09-24,2.4,2.4,2.4,2.4,0,0.0,,,,,
2025-09-25,2.4,2.4,2.4,2.4,0,0.0,,,,,
2025-09-26,2.4,2.4,2.4,2.4,0,0.0,,,,,
2025-09-29,2.4,2.4,2.4,2.4,0,0.0,,,,,
2025-09-30,2.4,2.4,2.4,2.4,0,0.0,,,,,
2025-10-01,2.4,2.4,2.4,2.4,0,0.0,,,,,
2025-10-02,2.4,2.4,2.4,2.4,0,0.0,,,,,
2025-10-03,2.4,2.4,2.4,2.4,0,0.0,,,,,
2025-10-06,2.4,2.4,2.4,2.4,0,0.0,,,,,
2025-10-07,2.4,2.4,2.4,2.4,0,0.0,,,,,
2025-10-08,2.4,2.4,2.4,2.4,0,0.0,,,,,
2025-10-09,,0.0,0.0,0.0,0,0.0,0.0,0.0,0.0,0.0,0.0
2025-10-10,,0.0,0.0,0.0,0,0.0,0.0,0.0,0.0,0.0,0.0
2025-10-13,,0.0,0.0,0.0,0,0.0,0.0,0.0,0.0,0.0,0.0
2025-10-14,,0.0,0.0,0.0,0,0.0,0.0,0.0,0.0,0.0,0.0
2025-10-15,,0.0,0.0,0.0,0,0.0,0.0,0.0,0.0,0.0,0.0
2025-10-16,,0.0,0.0,0.0,0,0.0,0.0,0.0,0.0,0.0,0.0
2025-10-17,,0.0,0.0,0.0,0,0.0,0.0,0.0,0.0,0.0,0.0
2025-10-20,,0.0,0.0,0.0,0,0.0,0.0,0.0,0.0,0.0,0.0
2025-10-21,,0.0,0.0,0.0,0,0.0,0.0,0.0,0.0,0.0,0.0
